2026-09-19 23:58:40,622:WARNING:
'cuml' is a soft dependency and not included in the pycaret installation. Please run: `pip install cuml` to install.
2026-09-19 23:58:40,622:WARNING:
'cuml' is a soft dependency and not included in the pycaret installation. Please run: `pip install cuml` to install.
2026-09-19 23:58:40,622:WARNING:
'cuml' is a soft dependency and not included in the pycaret installation. Please run: `pip install cuml` to install.
2026-09-19 23:58:40,622:WARNING:
'cuml' is a soft dependency and not included in the pycaret installation. Please run: `pip install cuml` to install.
2026-09-19 23:58:42,551:INFO:Initializing load_model()
2026-09-19 23:58:42,551:INFO:load_model(model_name=model/phishingdetection, platform=None, authentication=None, verbose=True)
2026-09-19 23:58:42,574:WARNING:C:\Users\Shashank\AppData\Local\Programs\Python\Python311\Lib\site-packages\sklearn\base.py:376: InconsistentVersionWarning: Trying to unpickle estimator SimpleImputer from version 1.2.2 when using version 1.4.2. This might lead to breaking code or invalid results. Use at your own risk. For more info please refer to:
https://scikit-learn.org/stable/model_persistence.html#security-maintainability-limitations
  warnings.warn(

2026-09-19 23:58:42,575:WARNING:C:\Users\Shashank\AppData\Local\Programs\Python\Python311\Lib\site-packages\sklearn\base.py:376: InconsistentVersionWarning: Trying to unpickle estimator PowerTransformer from version 1.2.2 when using version 1.4.2. This might lead to breaking code or invalid results. Use at your own risk. For more info please refer to:
https://scikit-learn.org/stable/model_persistence.html#security-maintainability-limitations
  warnings.warn(

2026-09-19 23:58:42,575:WARNING:C:\Users\Shashank\AppData\Local\Programs\Python\Python311\Lib\site-packages\sklearn\base.py:376: InconsistentVersionWarning: Trying to unpickle estimator StandardScaler from version 1.2.2 when using version 1.4.2. This might lead to breaking code or invalid results. Use at your own risk. For more info please refer to:
https://scikit-learn.org/stable/model_persistence.html#security-maintainability-limitations
  warnings.warn(

2026-09-19 23:58:42,638:WARNING:C:\Users\Shashank\AppData\Local\Programs\Python\Python311\Lib\site-packages\sklearn\base.py:376: InconsistentVersionWarning: Trying to unpickle estimator LabelEncoder from version 1.2.2 when using version 1.4.2. This might lead to breaking code or invalid results. Use at your own risk. For more info please refer to:
https://scikit-learn.org/stable/model_persistence.html#security-maintainability-limitations
  warnings.warn(

2026-09-19 23:58:42,651:WARNING:C:\Users\Shashank\AppData\Local\Programs\Python\Python311\Lib\site-packages\_distutils_hack\__init__.py:33: UserWarning: Setuptools is replacing distutils.
  warnings.warn("Setuptools is replacing distutils.")

2026-09-19 23:58:42,656:WARNING:C:\Users\Shashank\AppData\Local\Programs\Python\Python311\Lib\site-packages\pycaret\internal\pipeline.py:148: UserWarning: Version mismatch:
current: {'deps_info': {'pip': '26.2.1', 'setuptools': '65.5.0', 'pycaret': '3.3.2', 'IPython': '9.17.1', 'ipywidgets': '8.1.9', 'tqdm': '4.67.3', 'numpy': '1.26.4', 'pandas': '2.1.4', 'jinja2': '3.1.6', 'scipy': '1.11.4', 'joblib': '1.3.2', 'sklearn': '1.4.2', 'pyod': '3.4.0', 'imblearn': '0.14.2', 'category_encoders': '2.7.0', 'lightgbm': '4.7.0', 'numba': '0.67.0', 'requests': '2.32.5', 'matplotlib': '3.7.5', 'scikitplot': '0.3.7', 'yellowbrick': '1.5', 'plotly': '6.9.0', 'plotly-resampler': 'Not installed', 'kaleido': '1.4.0', 'schemdraw': '0.15', 'statsmodels': '0.15.0', 'sktime': '0.26.0', 'tbats': '1.1.3', 'pmdarima': '2.0.4', 'psutil': '7.2.2', 'markupsafe': '3.0.3', 'pickle5': 'Not installed', 'cloudpickle': '3.1.2', 'deprecation': '2.1.0', 'xxhash': '4.0.1', 'wurlitzer': 'Not installed'}, 'python': {'version': '3.11.9', 'machine': 'AMD64'}}
pickle: {'deps_info': {'pip': '23.1.2', 'setuptools': '67.7.2', 'pycaret': '3.0.4', 'IPython': '7.34.0', 'ipywidgets': '7.7.1', 'tqdm': '4.66.1', 'numpy': '1.23.5', 'pandas': '1.5.3', 'jinja2': '3.1.2', 'scipy': '1.10.1', 'joblib': '1.3.2', 'sklearn': '1.2.2', 'pyod': '1.1.0', 'imblearn': '0.10.1', 'category_encoders': '2.6.2', 'lightgbm': '4.0.0', 'numba': '0.56.4', 'requests': '2.31.0', 'matplotlib': '3.7.1', 'scikitplot': '0.3.7', 'yellowbrick': '1.5', 'plotly': '5.15.0', 'plotly-resampler': 'Not installed', 'kaleido': '0.2.1', 'schemdraw': '0.15', 'statsmodels': '0.14.0', 'sktime': '0.22.0', 'tbats': '1.1.3', 'pmdarima': '2.0.3', 'psutil': '5.9.5', 'markupsafe': '2.1.3', 'pickle5': 'Not installed', 'cloudpickle': '2.2.1', 'deprecation': '2.1.0', 'xxhash': '3.3.0', 'wurlitzer': '3.0.3'}, 'python': {'version': '3.10.12', 'machine': 'x86_64'}}
  warnings.warn(

2026-09-19 23:58:45,214:WARNING:
'cuml' is a soft dependency and not included in the pycaret installation. Please run: `pip install cuml` to install.
2026-09-19 23:58:45,214:WARNING:
'cuml' is a soft dependency and not included in the pycaret installation. Please run: `pip install cuml` to install.
2026-09-19 23:58:45,214:WARNING:
'cuml' is a soft dependency and not included in the pycaret installation. Please run: `pip install cuml` to install.
2026-09-19 23:58:45,214:WARNING:
'cuml' is a soft dependency and not included in the pycaret installation. Please run: `pip install cuml` to install.
2026-09-19 23:58:45,967:INFO:Initializing load_model()
2026-09-19 23:58:45,967:INFO:load_model(model_name=model/phishingdetection, platform=None, authentication=None, verbose=True)
2026-09-19 23:58:45,969:WARNING:C:\Users\Shashank\AppData\Local\Programs\Python\Python311\Lib\site-packages\sklearn\base.py:376: InconsistentVersionWarning: Trying to unpickle estimator SimpleImputer from version 1.2.2 when using version 1.4.2. This might lead to breaking code or invalid results. Use at your own risk. For more info please refer to:
https://scikit-learn.org/stable/model_persistence.html#security-maintainability-limitations
  warnings.warn(

2026-09-19 23:58:45,969:WARNING:C:\Users\Shashank\AppData\Local\Programs\Python\Python311\Lib\site-packages\sklearn\base.py:376: InconsistentVersionWarning: Trying to unpickle estimator PowerTransformer from version 1.2.2 when using version 1.4.2. This might lead to breaking code or invalid results. Use at your own risk. For more info please refer to:
https://scikit-learn.org/stable/model_persistence.html#security-maintainability-limitations
  warnings.warn(

2026-09-19 23:58:45,969:WARNING:C:\Users\Shashank\AppData\Local\Programs\Python\Python311\Lib\site-packages\sklearn\base.py:376: InconsistentVersionWarning: Trying to unpickle estimator StandardScaler from version 1.2.2 when using version 1.4.2. This might lead to breaking code or invalid results. Use at your own risk. For more info please refer to:
https://scikit-learn.org/stable/model_persistence.html#security-maintainability-limitations
  warnings.warn(

2026-09-19 23:58:45,989:WARNING:C:\Users\Shashank\AppData\Local\Programs\Python\Python311\Lib\site-packages\sklearn\base.py:376: InconsistentVersionWarning: Trying to unpickle estimator LabelEncoder from version 1.2.2 when using version 1.4.2. This might lead to breaking code or invalid results. Use at your own risk. For more info please refer to:
https://scikit-learn.org/stable/model_persistence.html#security-maintainability-limitations
  warnings.warn(

2026-09-19 23:58:45,990:WARNING:C:\Users\Shashank\AppData\Local\Programs\Python\Python311\Lib\site-packages\_distutils_hack\__init__.py:33: UserWarning: Setuptools is replacing distutils.
  warnings.warn("Setuptools is replacing distutils.")

2026-09-19 23:58:45,994:WARNING:C:\Users\Shashank\AppData\Local\Programs\Python\Python311\Lib\site-packages\pycaret\internal\pipeline.py:148: UserWarning: Version mismatch:
current: {'deps_info': {'pip': '26.2.1', 'setuptools': '65.5.0', 'pycaret': '3.3.2', 'IPython': '9.17.1', 'ipywidgets': '8.1.9', 'tqdm': '4.67.3', 'numpy': '1.26.4', 'pandas': '2.1.4', 'jinja2': '3.1.6', 'scipy': '1.11.4', 'joblib': '1.3.2', 'sklearn': '1.4.2', 'pyod': '3.4.0', 'imblearn': '0.14.2', 'category_encoders': '2.7.0', 'lightgbm': '4.7.0', 'numba': '0.67.0', 'requests': '2.32.5', 'matplotlib': '3.7.5', 'scikitplot': '0.3.7', 'yellowbrick': '1.5', 'plotly': '6.9.0', 'plotly-resampler': 'Not installed', 'kaleido': '1.4.0', 'schemdraw': '0.15', 'statsmodels': '0.15.0', 'sktime': '0.26.0', 'tbats': '1.1.3', 'pmdarima': '2.0.4', 'psutil': '7.2.2', 'markupsafe': '3.0.3', 'pickle5': 'Not installed', 'cloudpickle': '3.1.2', 'deprecation': '2.1.0', 'xxhash': '4.0.1', 'wurlitzer': 'Not installed'}, 'python': {'version': '3.11.9', 'machine': 'AMD64'}}
pickle: {'deps_info': {'pip': '23.1.2', 'setuptools': '67.7.2', 'pycaret': '3.0.4', 'IPython': '7.34.0', 'ipywidgets': '7.7.1', 'tqdm': '4.66.1', 'numpy': '1.23.5', 'pandas': '1.5.3', 'jinja2': '3.1.2', 'scipy': '1.10.1', 'joblib': '1.3.2', 'sklearn': '1.2.2', 'pyod': '1.1.0', 'imblearn': '0.10.1', 'category_encoders': '2.6.2', 'lightgbm': '4.0.0', 'numba': '0.56.4', 'requests': '2.31.0', 'matplotlib': '3.7.1', 'scikitplot': '0.3.7', 'yellowbrick': '1.5', 'plotly': '5.15.0', 'plotly-resampler': 'Not installed', 'kaleido': '0.2.1', 'schemdraw': '0.15', 'statsmodels': '0.14.0', 'sktime': '0.22.0', 'tbats': '1.1.3', 'pmdarima': '2.0.3', 'psutil': '5.9.5', 'markupsafe': '2.1.3', 'pickle5': 'Not installed', 'cloudpickle': '2.2.1', 'deprecation': '2.1.0', 'xxhash': '3.3.0', 'wurlitzer': '3.0.3'}, 'python': {'version': '3.10.12', 'machine': 'x86_64'}}
  warnings.warn(

2026-09-20 00:00:46,118:WARNING:C:\Users\Shashank\AppData\Local\Programs\Python\Python311\Lib\site-packages\sklearn\base.py:376: InconsistentVersionWarning: Trying to unpickle estimator PCA from version 1.2.2 when using version 1.4.2. This might lead to breaking code or invalid results. Use at your own risk. For more info please refer to:
https://scikit-learn.org/stable/model_persistence.html#security-maintainability-limitations
  warnings.warn(

2026-09-20 00:00:46,174:INFO:Initializing predict_model()
2026-09-20 00:00:46,174:INFO:predict_model(self=<pycaret.classification.oop.ClassificationExperiment object at 0x000001E561792690>, estimator=Pipeline(memory=FastMemory(location=/tmp/joblib),
         steps=[('numerical_imputer',
                 TransformerWrapper(include=['domain_att', 'URL_Length',
                                             'URL_Depth'],
                                    transformer=SimpleImputer())),
                ('categorical_imputer',
                 TransformerWrapper(include=[],
                                    transformer=SimpleImputer(strategy='most_frequent'))),
                ('transformation',
                 TransformerWrapper(transformer=PowerTransformer(standardize=False))),
                ('normalize', TransformerWrapper(transformer=StandardScaler())),
                ('clean_column_names',
                 TransformerWrapper(transformer=CleanColumnNames())),
                ('trained_model', LGBMClassifier(n_jobs=-1, random_state=321))]), probability_threshold=None, encoded_labels=False, raw_score=False, round=4, verbose=True, ml_usecase=None, preprocess=True, encode_labels=<function _SupervisedExperiment.predict_model.<locals>.encode_labels at 0x000001E561879EE0>)
2026-09-20 00:00:46,174:INFO:Checking exceptions
2026-09-20 00:00:46,174:INFO:Preloading libraries
2026-09-20 00:00:46,177:INFO:Set up data.
2026-09-20 00:00:46,189:INFO:Set up index.
2026-09-20 00:00:57,684:WARNING:C:\Users\Shashank\AppData\Local\Programs\Python\Python311\Lib\site-packages\sklearn\base.py:376: InconsistentVersionWarning: Trying to unpickle estimator PCA from version 1.2.2 when using version 1.4.2. This might lead to breaking code or invalid results. Use at your own risk. For more info please refer to:
https://scikit-learn.org/stable/model_persistence.html#security-maintainability-limitations
  warnings.warn(

2026-09-20 00:00:57,692:INFO:Initializing predict_model()
2026-09-20 00:00:57,692:INFO:predict_model(self=<pycaret.classification.oop.ClassificationExperiment object at 0x000001E5617AF1D0>, estimator=Pipeline(memory=FastMemory(location=/tmp/joblib),
         steps=[('numerical_imputer',
                 TransformerWrapper(include=['domain_att', 'URL_Length',
                                             'URL_Depth'],
                                    transformer=SimpleImputer())),
                ('categorical_imputer',
                 TransformerWrapper(include=[],
                                    transformer=SimpleImputer(strategy='most_frequent'))),
                ('transformation',
                 TransformerWrapper(transformer=PowerTransformer(standardize=False))),
                ('normalize', TransformerWrapper(transformer=StandardScaler())),
                ('clean_column_names',
                 TransformerWrapper(transformer=CleanColumnNames())),
                ('trained_model', LGBMClassifier(n_jobs=-1, random_state=321))]), probability_threshold=None, encoded_labels=False, raw_score=False, round=4, verbose=True, ml_usecase=None, preprocess=True, encode_labels=<function _SupervisedExperiment.predict_model.<locals>.encode_labels at 0x000001E561D5BC40>)
2026-09-20 00:00:57,692:INFO:Checking exceptions
2026-09-20 00:00:57,692:INFO:Preloading libraries
2026-09-20 00:00:57,692:INFO:Set up data.
2026-09-20 00:00:57,694:INFO:Set up index.
2026-09-20 00:01:19,889:WARNING:C:\Users\Shashank\AppData\Local\Programs\Python\Python311\Lib\site-packages\sklearn\base.py:376: InconsistentVersionWarning: Trying to unpickle estimator PCA from version 1.2.2 when using version 1.4.2. This might lead to breaking code or invalid results. Use at your own risk. For more info please refer to:
https://scikit-learn.org/stable/model_persistence.html#security-maintainability-limitations
  warnings.warn(

2026-09-20 00:01:19,897:INFO:Initializing predict_model()
2026-09-20 00:01:19,897:INFO:predict_model(self=<pycaret.classification.oop.ClassificationExperiment object at 0x000001E561894210>, estimator=Pipeline(memory=FastMemory(location=/tmp/joblib),
         steps=[('numerical_imputer',
                 TransformerWrapper(include=['domain_att', 'URL_Length',
                                             'URL_Depth'],
                                    transformer=SimpleImputer())),
                ('categorical_imputer',
                 TransformerWrapper(include=[],
                                    transformer=SimpleImputer(strategy='most_frequent'))),
                ('transformation',
                 TransformerWrapper(transformer=PowerTransformer(standardize=False))),
                ('normalize', TransformerWrapper(transformer=StandardScaler())),
                ('clean_column_names',
                 TransformerWrapper(transformer=CleanColumnNames())),
                ('trained_model', LGBMClassifier(n_jobs=-1, random_state=321))]), probability_threshold=None, encoded_labels=False, raw_score=False, round=4, verbose=True, ml_usecase=None, preprocess=True, encode_labels=<function _SupervisedExperiment.predict_model.<locals>.encode_labels at 0x000001E561D5B6A0>)
2026-09-20 00:01:19,898:INFO:Checking exceptions
2026-09-20 00:01:19,898:INFO:Preloading libraries
2026-09-20 00:01:19,898:INFO:Set up data.
2026-09-20 00:01:19,900:INFO:Set up index.
2026-09-20 00:17:01,636:WARNING:
'cuml' is a soft dependency and not included in the pycaret installation. Please run: `pip install cuml` to install.
2026-09-20 00:17:01,636:WARNING:
'cuml' is a soft dependency and not included in the pycaret installation. Please run: `pip install cuml` to install.
2026-09-20 00:17:01,636:WARNING:
'cuml' is a soft dependency and not included in the pycaret installation. Please run: `pip install cuml` to install.
2026-09-20 00:17:01,637:WARNING:
'cuml' is a soft dependency and not included in the pycaret installation. Please run: `pip install cuml` to install.
2026-09-20 00:17:04,178:INFO:Initializing load_model()
2026-09-20 00:17:04,178:INFO:load_model(model_name=model/phishingdetection, platform=None, authentication=None, verbose=True)
2026-09-20 00:17:04,182:WARNING:E:\ML_project\python-phishing-url-detection-master\python-phishing-url-detection-master\venv\Lib\site-packages\sklearn\base.py:376: InconsistentVersionWarning: Trying to unpickle estimator SimpleImputer from version 1.2.2 when using version 1.4.2. This might lead to breaking code or invalid results. Use at your own risk. For more info please refer to:
https://scikit-learn.org/stable/model_persistence.html#security-maintainability-limitations
  warnings.warn(

2026-09-20 00:17:04,183:WARNING:E:\ML_project\python-phishing-url-detection-master\python-phishing-url-detection-master\venv\Lib\site-packages\sklearn\base.py:376: InconsistentVersionWarning: Trying to unpickle estimator PowerTransformer from version 1.2.2 when using version 1.4.2. This might lead to breaking code or invalid results. Use at your own risk. For more info please refer to:
https://scikit-learn.org/stable/model_persistence.html#security-maintainability-limitations
  warnings.warn(

2026-09-20 00:17:04,183:WARNING:E:\ML_project\python-phishing-url-detection-master\python-phishing-url-detection-master\venv\Lib\site-packages\sklearn\base.py:376: InconsistentVersionWarning: Trying to unpickle estimator StandardScaler from version 1.2.2 when using version 1.4.2. This might lead to breaking code or invalid results. Use at your own risk. For more info please refer to:
https://scikit-learn.org/stable/model_persistence.html#security-maintainability-limitations
  warnings.warn(

2026-09-20 00:17:04,263:WARNING:E:\ML_project\python-phishing-url-detection-master\python-phishing-url-detection-master\venv\Lib\site-packages\sklearn\base.py:376: InconsistentVersionWarning: Trying to unpickle estimator LabelEncoder from version 1.2.2 when using version 1.4.2. This might lead to breaking code or invalid results. Use at your own risk. For more info please refer to:
https://scikit-learn.org/stable/model_persistence.html#security-maintainability-limitations
  warnings.warn(

2026-09-20 00:17:04,268:WARNING:E:\ML_project\python-phishing-url-detection-master\python-phishing-url-detection-master\venv\Lib\site-packages\pycaret\internal\pipeline.py:146: UserWarning: Version mismatch:
current: {'deps_info': {'pip': '24.0', 'setuptools': '65.5.0', 'pycaret': '3.3.1', 'IPython': '8.23.0', 'ipywidgets': '8.1.2', 'tqdm': '4.66.2', 'numpy': '1.26.4', 'pandas': '2.1.4', 'jinja2': '3.1.3', 'scipy': '1.11.4', 'joblib': '1.3.2', 'sklearn': '1.4.2', 'pyod': '1.1.3', 'imblearn': '0.12.2', 'category_encoders': '2.6.3', 'lightgbm': '4.3.0', 'numba': '0.59.1', 'requests': '2.31.0', 'matplotlib': '3.7.5', 'scikitplot': '0.3.7', 'yellowbrick': '1.5', 'plotly': '5.21.0', 'plotly-resampler': 'Not installed', 'kaleido': '0.2.1', 'schemdraw': '0.15', 'statsmodels': '0.14.2', 'sktime': '0.26.0', 'tbats': '1.1.3', 'pmdarima': '2.0.4', 'psutil': '5.9.8', 'markupsafe': '2.1.5', 'pickle5': 'Not installed', 'cloudpickle': '3.0.0', 'deprecation': '2.1.0', 'xxhash': '3.4.1', 'wurlitzer': 'Not installed'}, 'python': {'version': '3.11.9', 'machine': 'AMD64'}}
pickle: {'deps_info': {'pip': '23.1.2', 'setuptools': '67.7.2', 'pycaret': '3.0.4', 'IPython': '7.34.0', 'ipywidgets': '7.7.1', 'tqdm': '4.66.1', 'numpy': '1.23.5', 'pandas': '1.5.3', 'jinja2': '3.1.2', 'scipy': '1.10.1', 'joblib': '1.3.2', 'sklearn': '1.2.2', 'pyod': '1.1.0', 'imblearn': '0.10.1', 'category_encoders': '2.6.2', 'lightgbm': '4.0.0', 'numba': '0.56.4', 'requests': '2.31.0', 'matplotlib': '3.7.1', 'scikitplot': '0.3.7', 'yellowbrick': '1.5', 'plotly': '5.15.0', 'plotly-resampler': 'Not installed', 'kaleido': '0.2.1', 'schemdraw': '0.15', 'statsmodels': '0.14.0', 'sktime': '0.22.0', 'tbats': '1.1.3', 'pmdarima': '2.0.3', 'psutil': '5.9.5', 'markupsafe': '2.1.3', 'pickle5': 'Not installed', 'cloudpickle': '2.2.1', 'deprecation': '2.1.0', 'xxhash': '3.3.0', 'wurlitzer': '3.0.3'}, 'python': {'version': '3.10.12', 'machine': 'x86_64'}}
  warnings.warn(

2026-09-20 00:17:06,738:WARNING:
'cuml' is a soft dependency and not included in the pycaret installation. Please run: `pip install cuml` to install.
2026-09-20 00:17:06,738:WARNING:
'cuml' is a soft dependency and not included in the pycaret installation. Please run: `pip install cuml` to install.
2026-09-20 00:17:06,738:WARNING:
'cuml' is a soft dependency and not included in the pycaret installation. Please run: `pip install cuml` to install.
2026-09-20 00:17:06,739:WARNING:
'cuml' is a soft dependency and not included in the pycaret installation. Please run: `pip install cuml` to install.
2026-09-20 00:17:07,566:INFO:Initializing load_model()
2026-09-20 00:17:07,566:INFO:load_model(model_name=model/phishingdetection, platform=None, authentication=None, verbose=True)
2026-09-20 00:17:07,567:WARNING:E:\ML_project\python-phishing-url-detection-master\python-phishing-url-detection-master\venv\Lib\site-packages\sklearn\base.py:376: InconsistentVersionWarning: Trying to unpickle estimator SimpleImputer from version 1.2.2 when using version 1.4.2. This might lead to breaking code or invalid results. Use at your own risk. For more info please refer to:
https://scikit-learn.org/stable/model_persistence.html#security-maintainability-limitations
  warnings.warn(

2026-09-20 00:17:07,567:WARNING:E:\ML_project\python-phishing-url-detection-master\python-phishing-url-detection-master\venv\Lib\site-packages\sklearn\base.py:376: InconsistentVersionWarning: Trying to unpickle estimator PowerTransformer from version 1.2.2 when using version 1.4.2. This might lead to breaking code or invalid results. Use at your own risk. For more info please refer to:
https://scikit-learn.org/stable/model_persistence.html#security-maintainability-limitations
  warnings.warn(

2026-09-20 00:17:07,568:WARNING:E:\ML_project\python-phishing-url-detection-master\python-phishing-url-detection-master\venv\Lib\site-packages\sklearn\base.py:376: InconsistentVersionWarning: Trying to unpickle estimator StandardScaler from version 1.2.2 when using version 1.4.2. This might lead to breaking code or invalid results. Use at your own risk. For more info please refer to:
https://scikit-learn.org/stable/model_persistence.html#security-maintainability-limitations
  warnings.warn(

2026-09-20 00:17:07,591:WARNING:E:\ML_project\python-phishing-url-detection-master\python-phishing-url-detection-master\venv\Lib\site-packages\sklearn\base.py:376: InconsistentVersionWarning: Trying to unpickle estimator LabelEncoder from version 1.2.2 when using version 1.4.2. This might lead to breaking code or invalid results. Use at your own risk. For more info please refer to:
https://scikit-learn.org/stable/model_persistence.html#security-maintainability-limitations
  warnings.warn(

2026-09-20 00:17:07,593:WARNING:E:\ML_project\python-phishing-url-detection-master\python-phishing-url-detection-master\venv\Lib\site-packages\pycaret\internal\pipeline.py:146: UserWarning: Version mismatch:
current: {'deps_info': {'pip': '24.0', 'setuptools': '65.5.0', 'pycaret': '3.3.1', 'IPython': '8.23.0', 'ipywidgets': '8.1.2', 'tqdm': '4.66.2', 'numpy': '1.26.4', 'pandas': '2.1.4', 'jinja2': '3.1.3', 'scipy': '1.11.4', 'joblib': '1.3.2', 'sklearn': '1.4.2', 'pyod': '1.1.3', 'imblearn': '0.12.2', 'category_encoders': '2.6.3', 'lightgbm': '4.3.0', 'numba': '0.59.1', 'requests': '2.31.0', 'matplotlib': '3.7.5', 'scikitplot': '0.3.7', 'yellowbrick': '1.5', 'plotly': '5.21.0', 'plotly-resampler': 'Not installed', 'kaleido': '0.2.1', 'schemdraw': '0.15', 'statsmodels': '0.14.2', 'sktime': '0.26.0', 'tbats': '1.1.3', 'pmdarima': '2.0.4', 'psutil': '5.9.8', 'markupsafe': '2.1.5', 'pickle5': 'Not installed', 'cloudpickle': '3.0.0', 'deprecation': '2.1.0', 'xxhash': '3.4.1', 'wurlitzer': 'Not installed'}, 'python': {'version': '3.11.9', 'machine': 'AMD64'}}
pickle: {'deps_info': {'pip': '23.1.2', 'setuptools': '67.7.2', 'pycaret': '3.0.4', 'IPython': '7.34.0', 'ipywidgets': '7.7.1', 'tqdm': '4.66.1', 'numpy': '1.23.5', 'pandas': '1.5.3', 'jinja2': '3.1.2', 'scipy': '1.10.1', 'joblib': '1.3.2', 'sklearn': '1.2.2', 'pyod': '1.1.0', 'imblearn': '0.10.1', 'category_encoders': '2.6.2', 'lightgbm': '4.0.0', 'numba': '0.56.4', 'requests': '2.31.0', 'matplotlib': '3.7.1', 'scikitplot': '0.3.7', 'yellowbrick': '1.5', 'plotly': '5.15.0', 'plotly-resampler': 'Not installed', 'kaleido': '0.2.1', 'schemdraw': '0.15', 'statsmodels': '0.14.0', 'sktime': '0.22.0', 'tbats': '1.1.3', 'pmdarima': '2.0.3', 'psutil': '5.9.5', 'markupsafe': '2.1.3', 'pickle5': 'Not installed', 'cloudpickle': '2.2.1', 'deprecation': '2.1.0', 'xxhash': '3.3.0', 'wurlitzer': '3.0.3'}, 'python': {'version': '3.10.12', 'machine': 'x86_64'}}
  warnings.warn(

2026-09-20 00:17:58,748:WARNING:C:\Users\Shashank\AppData\Local\Programs\Python\Python311\Lib\site-packages\sklearn\base.py:376: InconsistentVersionWarning: Trying to unpickle estimator PCA from version 1.2.2 when using version 1.4.2. This might lead to breaking code or invalid results. Use at your own risk. For more info please refer to:
https://scikit-learn.org/stable/model_persistence.html#security-maintainability-limitations
  warnings.warn(

2026-09-20 00:17:58,768:INFO:Initializing predict_model()
2026-09-20 00:17:58,768:INFO:predict_model(self=<pycaret.classification.oop.ClassificationExperiment object at 0x000001E5618966D0>, estimator=Pipeline(memory=FastMemory(location=/tmp/joblib),
         steps=[('numerical_imputer',
                 TransformerWrapper(include=['domain_att', 'URL_Length',
                                             'URL_Depth'],
                                    transformer=SimpleImputer())),
                ('categorical_imputer',
                 TransformerWrapper(include=[],
                                    transformer=SimpleImputer(strategy='most_frequent'))),
                ('transformation',
                 TransformerWrapper(transformer=PowerTransformer(standardize=False))),
                ('normalize', TransformerWrapper(transformer=StandardScaler())),
                ('clean_column_names',
                 TransformerWrapper(transformer=CleanColumnNames())),
                ('trained_model', LGBMClassifier(n_jobs=-1, random_state=321))]), probability_threshold=None, encoded_labels=False, raw_score=False, round=4, verbose=True, ml_usecase=None, preprocess=True, encode_labels=<function _SupervisedExperiment.predict_model.<locals>.encode_labels at 0x000001E561DDC720>)
2026-09-20 00:17:58,768:INFO:Checking exceptions
2026-09-20 00:17:58,768:INFO:Preloading libraries
2026-09-20 00:17:58,769:INFO:Set up data.
2026-09-20 00:17:58,782:INFO:Set up index.
2026-09-20 00:19:00,577:WARNING:C:\Users\Shashank\AppData\Local\Programs\Python\Python311\Lib\site-packages\sklearn\base.py:376: InconsistentVersionWarning: Trying to unpickle estimator PCA from version 1.2.2 when using version 1.4.2. This might lead to breaking code or invalid results. Use at your own risk. For more info please refer to:
https://scikit-learn.org/stable/model_persistence.html#security-maintainability-limitations
  warnings.warn(

2026-09-20 00:19:00,586:INFO:Initializing predict_model()
2026-09-20 00:19:00,586:INFO:predict_model(self=<pycaret.classification.oop.ClassificationExperiment object at 0x000001E561DB1590>, estimator=Pipeline(memory=FastMemory(location=/tmp/joblib),
         steps=[('numerical_imputer',
                 TransformerWrapper(include=['domain_att', 'URL_Length',
                                             'URL_Depth'],
                                    transformer=SimpleImputer())),
                ('categorical_imputer',
                 TransformerWrapper(include=[],
                                    transformer=SimpleImputer(strategy='most_frequent'))),
                ('transformation',
                 TransformerWrapper(transformer=PowerTransformer(standardize=False))),
                ('normalize', TransformerWrapper(transformer=StandardScaler())),
                ('clean_column_names',
                 TransformerWrapper(transformer=CleanColumnNames())),
                ('trained_model', LGBMClassifier(n_jobs=-1, random_state=321))]), probability_threshold=None, encoded_labels=False, raw_score=False, round=4, verbose=True, ml_usecase=None, preprocess=True, encode_labels=<function _SupervisedExperiment.predict_model.<locals>.encode_labels at 0x000001E545231800>)
2026-09-20 00:19:00,586:INFO:Checking exceptions
2026-09-20 00:19:00,586:INFO:Preloading libraries
2026-09-20 00:19:00,586:INFO:Set up data.
2026-09-20 00:19:00,614:INFO:Set up index.
2026-09-20 00:33:51,808:WARNING:
'cuml' is a soft dependency and not included in the pycaret installation. Please run: `pip install cuml` to install.
2026-09-20 00:33:51,808:WARNING:
'cuml' is a soft dependency and not included in the pycaret installation. Please run: `pip install cuml` to install.
2026-09-20 00:33:51,808:WARNING:
'cuml' is a soft dependency and not included in the pycaret installation. Please run: `pip install cuml` to install.
2026-09-20 00:33:51,808:WARNING:
'cuml' is a soft dependency and not included in the pycaret installation. Please run: `pip install cuml` to install.
2026-09-20 00:33:53,586:INFO:Initializing load_model()
2026-09-20 00:33:53,586:INFO:load_model(model_name=model/phishingdetection, platform=None, authentication=None, verbose=True)
2026-09-20 00:33:53,601:WARNING:E:\ML_project\python-phishing-url-detection-master\python-phishing-url-detection-master\venv\Lib\site-packages\sklearn\base.py:376: InconsistentVersionWarning: Trying to unpickle estimator SimpleImputer from version 1.2.2 when using version 1.4.2. This might lead to breaking code or invalid results. Use at your own risk. For more info please refer to:
https://scikit-learn.org/stable/model_persistence.html#security-maintainability-limitations
  warnings.warn(

2026-09-20 00:33:53,601:WARNING:E:\ML_project\python-phishing-url-detection-master\python-phishing-url-detection-master\venv\Lib\site-packages\sklearn\base.py:376: InconsistentVersionWarning: Trying to unpickle estimator PowerTransformer from version 1.2.2 when using version 1.4.2. This might lead to breaking code or invalid results. Use at your own risk. For more info please refer to:
https://scikit-learn.org/stable/model_persistence.html#security-maintainability-limitations
  warnings.warn(

2026-09-20 00:33:53,601:WARNING:E:\ML_project\python-phishing-url-detection-master\python-phishing-url-detection-master\venv\Lib\site-packages\sklearn\base.py:376: InconsistentVersionWarning: Trying to unpickle estimator StandardScaler from version 1.2.2 when using version 1.4.2. This might lead to breaking code or invalid results. Use at your own risk. For more info please refer to:
https://scikit-learn.org/stable/model_persistence.html#security-maintainability-limitations
  warnings.warn(

2026-09-20 00:33:53,658:WARNING:E:\ML_project\python-phishing-url-detection-master\python-phishing-url-detection-master\venv\Lib\site-packages\sklearn\base.py:376: InconsistentVersionWarning: Trying to unpickle estimator LabelEncoder from version 1.2.2 when using version 1.4.2. This might lead to breaking code or invalid results. Use at your own risk. For more info please refer to:
https://scikit-learn.org/stable/model_persistence.html#security-maintainability-limitations
  warnings.warn(

2026-09-20 00:33:53,662:WARNING:E:\ML_project\python-phishing-url-detection-master\python-phishing-url-detection-master\venv\Lib\site-packages\pycaret\internal\pipeline.py:146: UserWarning: Version mismatch:
current: {'deps_info': {'pip': '24.0', 'setuptools': '84.0.0', 'pycaret': '3.3.1', 'IPython': '9.17.1', 'ipywidgets': '8.1.9', 'tqdm': '4.70.1', 'numpy': '1.26.4', 'pandas': '2.1.4', 'jinja2': '3.1.6', 'scipy': '1.11.4', 'joblib': '1.3.2', 'sklearn': '1.4.2', 'pyod': '3.4.0', 'imblearn': '0.14.2', 'category_encoders': '2.7.0', 'lightgbm': '4.7.0', 'numba': '0.67.0', 'requests': '2.34.2', 'matplotlib': '3.7.5', 'scikitplot': '0.3.7', 'yellowbrick': '1.5', 'plotly': '6.9.0', 'plotly-resampler': 'Not installed', 'kaleido': '1.4.0', 'schemdraw': '0.15', 'statsmodels': '0.15.0', 'sktime': '0.26.0', 'tbats': '1.1.3', 'pmdarima': '2.0.4', 'psutil': '7.2.2', 'markupsafe': '3.0.3', 'pickle5': 'Not installed', 'cloudpickle': '3.1.2', 'deprecation': '2.1.0', 'xxhash': '4.0.1', 'wurlitzer': 'Not installed'}, 'python': {'version': '3.11.9', 'machine': 'AMD64'}}
pickle: {'deps_info': {'pip': '23.1.2', 'setuptools': '67.7.2', 'pycaret': '3.0.4', 'IPython': '7.34.0', 'ipywidgets': '7.7.1', 'tqdm': '4.66.1', 'numpy': '1.23.5', 'pandas': '1.5.3', 'jinja2': '3.1.2', 'scipy': '1.10.1', 'joblib': '1.3.2', 'sklearn': '1.2.2', 'pyod': '1.1.0', 'imblearn': '0.10.1', 'category_encoders': '2.6.2', 'lightgbm': '4.0.0', 'numba': '0.56.4', 'requests': '2.31.0', 'matplotlib': '3.7.1', 'scikitplot': '0.3.7', 'yellowbrick': '1.5', 'plotly': '5.15.0', 'plotly-resampler': 'Not installed', 'kaleido': '0.2.1', 'schemdraw': '0.15', 'statsmodels': '0.14.0', 'sktime': '0.22.0', 'tbats': '1.1.3', 'pmdarima': '2.0.3', 'psutil': '5.9.5', 'markupsafe': '2.1.3', 'pickle5': 'Not installed', 'cloudpickle': '2.2.1', 'deprecation': '2.1.0', 'xxhash': '3.3.0', 'wurlitzer': '3.0.3'}, 'python': {'version': '3.10.12', 'machine': 'x86_64'}}
  warnings.warn(

2026-09-20 00:33:55,777:WARNING:
'cuml' is a soft dependency and not included in the pycaret installation. Please run: `pip install cuml` to install.
2026-09-20 00:33:55,777:WARNING:
'cuml' is a soft dependency and not included in the pycaret installation. Please run: `pip install cuml` to install.
2026-09-20 00:33:55,777:WARNING:
'cuml' is a soft dependency and not included in the pycaret installation. Please run: `pip install cuml` to install.
2026-09-20 00:33:55,777:WARNING:
'cuml' is a soft dependency and not included in the pycaret installation. Please run: `pip install cuml` to install.
2026-09-20 00:33:56,485:INFO:Initializing load_model()
2026-09-20 00:33:56,485:INFO:load_model(model_name=model/phishingdetection, platform=None, authentication=None, verbose=True)
2026-09-20 00:33:56,487:WARNING:E:\ML_project\python-phishing-url-detection-master\python-phishing-url-detection-master\venv\Lib\site-packages\sklearn\base.py:376: InconsistentVersionWarning: Trying to unpickle estimator SimpleImputer from version 1.2.2 when using version 1.4.2. This might lead to breaking code or invalid results. Use at your own risk. For more info please refer to:
https://scikit-learn.org/stable/model_persistence.html#security-maintainability-limitations
  warnings.warn(

2026-09-20 00:33:56,487:WARNING:E:\ML_project\python-phishing-url-detection-master\python-phishing-url-detection-master\venv\Lib\site-packages\sklearn\base.py:376: InconsistentVersionWarning: Trying to unpickle estimator PowerTransformer from version 1.2.2 when using version 1.4.2. This might lead to breaking code or invalid results. Use at your own risk. For more info please refer to:
https://scikit-learn.org/stable/model_persistence.html#security-maintainability-limitations
  warnings.warn(

2026-09-20 00:33:56,487:WARNING:E:\ML_project\python-phishing-url-detection-master\python-phishing-url-detection-master\venv\Lib\site-packages\sklearn\base.py:376: InconsistentVersionWarning: Trying to unpickle estimator StandardScaler from version 1.2.2 when using version 1.4.2. This might lead to breaking code or invalid results. Use at your own risk. For more info please refer to:
https://scikit-learn.org/stable/model_persistence.html#security-maintainability-limitations
  warnings.warn(

2026-09-20 00:33:56,507:WARNING:E:\ML_project\python-phishing-url-detection-master\python-phishing-url-detection-master\venv\Lib\site-packages\sklearn\base.py:376: InconsistentVersionWarning: Trying to unpickle estimator LabelEncoder from version 1.2.2 when using version 1.4.2. This might lead to breaking code or invalid results. Use at your own risk. For more info please refer to:
https://scikit-learn.org/stable/model_persistence.html#security-maintainability-limitations
  warnings.warn(

2026-09-20 00:33:56,511:WARNING:E:\ML_project\python-phishing-url-detection-master\python-phishing-url-detection-master\venv\Lib\site-packages\pycaret\internal\pipeline.py:146: UserWarning: Version mismatch:
current: {'deps_info': {'pip': '24.0', 'setuptools': '84.0.0', 'pycaret': '3.3.1', 'IPython': '9.17.1', 'ipywidgets': '8.1.9', 'tqdm': '4.70.1', 'numpy': '1.26.4', 'pandas': '2.1.4', 'jinja2': '3.1.6', 'scipy': '1.11.4', 'joblib': '1.3.2', 'sklearn': '1.4.2', 'pyod': '3.4.0', 'imblearn': '0.14.2', 'category_encoders': '2.7.0', 'lightgbm': '4.7.0', 'numba': '0.67.0', 'requests': '2.34.2', 'matplotlib': '3.7.5', 'scikitplot': '0.3.7', 'yellowbrick': '1.5', 'plotly': '6.9.0', 'plotly-resampler': 'Not installed', 'kaleido': '1.4.0', 'schemdraw': '0.15', 'statsmodels': '0.15.0', 'sktime': '0.26.0', 'tbats': '1.1.3', 'pmdarima': '2.0.4', 'psutil': '7.2.2', 'markupsafe': '3.0.3', 'pickle5': 'Not installed', 'cloudpickle': '3.1.2', 'deprecation': '2.1.0', 'xxhash': '4.0.1', 'wurlitzer': 'Not installed'}, 'python': {'version': '3.11.9', 'machine': 'AMD64'}}
pickle: {'deps_info': {'pip': '23.1.2', 'setuptools': '67.7.2', 'pycaret': '3.0.4', 'IPython': '7.34.0', 'ipywidgets': '7.7.1', 'tqdm': '4.66.1', 'numpy': '1.23.5', 'pandas': '1.5.3', 'jinja2': '3.1.2', 'scipy': '1.10.1', 'joblib': '1.3.2', 'sklearn': '1.2.2', 'pyod': '1.1.0', 'imblearn': '0.10.1', 'category_encoders': '2.6.2', 'lightgbm': '4.0.0', 'numba': '0.56.4', 'requests': '2.31.0', 'matplotlib': '3.7.1', 'scikitplot': '0.3.7', 'yellowbrick': '1.5', 'plotly': '5.15.0', 'plotly-resampler': 'Not installed', 'kaleido': '0.2.1', 'schemdraw': '0.15', 'statsmodels': '0.14.0', 'sktime': '0.22.0', 'tbats': '1.1.3', 'pmdarima': '2.0.3', 'psutil': '5.9.5', 'markupsafe': '2.1.3', 'pickle5': 'Not installed', 'cloudpickle': '2.2.1', 'deprecation': '2.1.0', 'xxhash': '3.3.0', 'wurlitzer': '3.0.3'}, 'python': {'version': '3.10.12', 'machine': 'x86_64'}}
  warnings.warn(

2026-09-20 00:34:50,001:WARNING:E:\ML_project\python-phishing-url-detection-master\python-phishing-url-detection-master\venv\Lib\site-packages\sklearn\base.py:376: InconsistentVersionWarning: Trying to unpickle estimator PCA from version 1.2.2 when using version 1.4.2. This might lead to breaking code or invalid results. Use at your own risk. For more info please refer to:
https://scikit-learn.org/stable/model_persistence.html#security-maintainability-limitations
  warnings.warn(

2026-09-20 00:34:50,019:INFO:Initializing predict_model()
2026-09-20 00:34:50,019:INFO:predict_model(self=<pycaret.classification.oop.ClassificationExperiment object at 0x000002BE894B1A50>, estimator=Pipeline(memory=FastMemory(location=/tmp/joblib),
         steps=[('numerical_imputer',
                 TransformerWrapper(include=['domain_att', 'URL_Length',
                                             'URL_Depth'],
                                    transformer=SimpleImputer())),
                ('categorical_imputer',
                 TransformerWrapper(include=[],
                                    transformer=SimpleImputer(strategy='most_frequent'))),
                ('transformation',
                 TransformerWrapper(transformer=PowerTransformer(standardize=False))),
                ('normalize', TransformerWrapper(transformer=StandardScaler())),
                ('clean_column_names',
                 TransformerWrapper(transformer=CleanColumnNames())),
                ('trained_model', LGBMClassifier(n_jobs=-1, random_state=321))]), probability_threshold=None, encoded_labels=False, raw_score=False, round=4, verbose=True, ml_usecase=None, preprocess=True, encode_labels=<function _SupervisedExperiment.predict_model.<locals>.encode_labels at 0x000002BE8AC5AF20>)
2026-09-20 00:34:50,019:INFO:Checking exceptions
2026-09-20 00:34:50,019:INFO:Preloading libraries
2026-09-20 00:34:50,019:INFO:Set up data.
2026-09-20 00:34:50,023:INFO:Set up index.
2026-09-20 00:37:00,070:WARNING:
'cuml' is a soft dependency and not included in the pycaret installation. Please run: `pip install cuml` to install.
2026-09-20 00:37:00,070:WARNING:
'cuml' is a soft dependency and not included in the pycaret installation. Please run: `pip install cuml` to install.
2026-09-20 00:37:00,070:WARNING:
'cuml' is a soft dependency and not included in the pycaret installation. Please run: `pip install cuml` to install.
2026-09-20 00:37:00,070:WARNING:
'cuml' is a soft dependency and not included in the pycaret installation. Please run: `pip install cuml` to install.
2026-09-20 00:37:00,977:INFO:Initializing load_model()
2026-09-20 00:37:00,978:INFO:load_model(model_name=model/phishingdetection, platform=None, authentication=None, verbose=True)
2026-09-20 00:37:00,980:WARNING:E:\ML_project\python-phishing-url-detection-master\python-phishing-url-detection-master\venv\Lib\site-packages\sklearn\base.py:376: InconsistentVersionWarning: Trying to unpickle estimator SimpleImputer from version 1.2.2 when using version 1.4.2. This might lead to breaking code or invalid results. Use at your own risk. For more info please refer to:
https://scikit-learn.org/stable/model_persistence.html#security-maintainability-limitations
  warnings.warn(

2026-09-20 00:37:00,980:WARNING:E:\ML_project\python-phishing-url-detection-master\python-phishing-url-detection-master\venv\Lib\site-packages\sklearn\base.py:376: InconsistentVersionWarning: Trying to unpickle estimator PowerTransformer from version 1.2.2 when using version 1.4.2. This might lead to breaking code or invalid results. Use at your own risk. For more info please refer to:
https://scikit-learn.org/stable/model_persistence.html#security-maintainability-limitations
  warnings.warn(

2026-09-20 00:37:00,980:WARNING:E:\ML_project\python-phishing-url-detection-master\python-phishing-url-detection-master\venv\Lib\site-packages\sklearn\base.py:376: InconsistentVersionWarning: Trying to unpickle estimator StandardScaler from version 1.2.2 when using version 1.4.2. This might lead to breaking code or invalid results. Use at your own risk. For more info please refer to:
https://scikit-learn.org/stable/model_persistence.html#security-maintainability-limitations
  warnings.warn(

2026-09-20 00:37:01,004:WARNING:E:\ML_project\python-phishing-url-detection-master\python-phishing-url-detection-master\venv\Lib\site-packages\sklearn\base.py:376: InconsistentVersionWarning: Trying to unpickle estimator LabelEncoder from version 1.2.2 when using version 1.4.2. This might lead to breaking code or invalid results. Use at your own risk. For more info please refer to:
https://scikit-learn.org/stable/model_persistence.html#security-maintainability-limitations
  warnings.warn(

2026-09-20 00:37:01,007:WARNING:E:\ML_project\python-phishing-url-detection-master\python-phishing-url-detection-master\venv\Lib\site-packages\pycaret\internal\pipeline.py:146: UserWarning: Version mismatch:
current: {'deps_info': {'pip': '24.0', 'setuptools': '84.0.0', 'pycaret': '3.3.1', 'IPython': '9.17.1', 'ipywidgets': '8.1.9', 'tqdm': '4.70.1', 'numpy': '1.26.4', 'pandas': '2.1.4', 'jinja2': '3.1.6', 'scipy': '1.11.4', 'joblib': '1.3.2', 'sklearn': '1.4.2', 'pyod': '3.4.0', 'imblearn': '0.14.2', 'category_encoders': '2.7.0', 'lightgbm': '4.3.0', 'numba': '0.67.0', 'requests': '2.34.2', 'matplotlib': '3.7.5', 'scikitplot': '0.3.7', 'yellowbrick': '1.5', 'plotly': '6.9.0', 'plotly-resampler': 'Not installed', 'kaleido': '1.4.0', 'schemdraw': '0.15', 'statsmodels': '0.15.0', 'sktime': '0.26.0', 'tbats': '1.1.3', 'pmdarima': '2.0.4', 'psutil': '7.2.2', 'markupsafe': '3.0.3', 'pickle5': 'Not installed', 'cloudpickle': '3.1.2', 'deprecation': '2.1.0', 'xxhash': '4.0.1', 'wurlitzer': 'Not installed'}, 'python': {'version': '3.11.9', 'machine': 'AMD64'}}
pickle: {'deps_info': {'pip': '23.1.2', 'setuptools': '67.7.2', 'pycaret': '3.0.4', 'IPython': '7.34.0', 'ipywidgets': '7.7.1', 'tqdm': '4.66.1', 'numpy': '1.23.5', 'pandas': '1.5.3', 'jinja2': '3.1.2', 'scipy': '1.10.1', 'joblib': '1.3.2', 'sklearn': '1.2.2', 'pyod': '1.1.0', 'imblearn': '0.10.1', 'category_encoders': '2.6.2', 'lightgbm': '4.0.0', 'numba': '0.56.4', 'requests': '2.31.0', 'matplotlib': '3.7.1', 'scikitplot': '0.3.7', 'yellowbrick': '1.5', 'plotly': '5.15.0', 'plotly-resampler': 'Not installed', 'kaleido': '0.2.1', 'schemdraw': '0.15', 'statsmodels': '0.14.0', 'sktime': '0.22.0', 'tbats': '1.1.3', 'pmdarima': '2.0.3', 'psutil': '5.9.5', 'markupsafe': '2.1.3', 'pickle5': 'Not installed', 'cloudpickle': '2.2.1', 'deprecation': '2.1.0', 'xxhash': '3.3.0', 'wurlitzer': '3.0.3'}, 'python': {'version': '3.10.12', 'machine': 'x86_64'}}
  warnings.warn(

2026-09-20 00:37:03,231:WARNING:
'cuml' is a soft dependency and not included in the pycaret installation. Please run: `pip install cuml` to install.
2026-09-20 00:37:03,231:WARNING:
'cuml' is a soft dependency and not included in the pycaret installation. Please run: `pip install cuml` to install.
2026-09-20 00:37:03,231:WARNING:
'cuml' is a soft dependency and not included in the pycaret installation. Please run: `pip install cuml` to install.
2026-09-20 00:37:03,231:WARNING:
'cuml' is a soft dependency and not included in the pycaret installation. Please run: `pip install cuml` to install.
2026-09-20 00:37:03,956:INFO:Initializing load_model()
2026-09-20 00:37:03,956:INFO:load_model(model_name=model/phishingdetection, platform=None, authentication=None, verbose=True)
2026-09-20 00:37:03,959:WARNING:E:\ML_project\python-phishing-url-detection-master\python-phishing-url-detection-master\venv\Lib\site-packages\sklearn\base.py:376: InconsistentVersionWarning: Trying to unpickle estimator SimpleImputer from version 1.2.2 when using version 1.4.2. This might lead to breaking code or invalid results. Use at your own risk. For more info please refer to:
https://scikit-learn.org/stable/model_persistence.html#security-maintainability-limitations
  warnings.warn(

2026-09-20 00:37:03,959:WARNING:E:\ML_project\python-phishing-url-detection-master\python-phishing-url-detection-master\venv\Lib\site-packages\sklearn\base.py:376: InconsistentVersionWarning: Trying to unpickle estimator PowerTransformer from version 1.2.2 when using version 1.4.2. This might lead to breaking code or invalid results. Use at your own risk. For more info please refer to:
https://scikit-learn.org/stable/model_persistence.html#security-maintainability-limitations
  warnings.warn(

2026-09-20 00:37:03,959:WARNING:E:\ML_project\python-phishing-url-detection-master\python-phishing-url-detection-master\venv\Lib\site-packages\sklearn\base.py:376: InconsistentVersionWarning: Trying to unpickle estimator StandardScaler from version 1.2.2 when using version 1.4.2. This might lead to breaking code or invalid results. Use at your own risk. For more info please refer to:
https://scikit-learn.org/stable/model_persistence.html#security-maintainability-limitations
  warnings.warn(

2026-09-20 00:37:03,980:WARNING:E:\ML_project\python-phishing-url-detection-master\python-phishing-url-detection-master\venv\Lib\site-packages\sklearn\base.py:376: InconsistentVersionWarning: Trying to unpickle estimator LabelEncoder from version 1.2.2 when using version 1.4.2. This might lead to breaking code or invalid results. Use at your own risk. For more info please refer to:
https://scikit-learn.org/stable/model_persistence.html#security-maintainability-limitations
  warnings.warn(

2026-09-20 00:37:03,984:WARNING:E:\ML_project\python-phishing-url-detection-master\python-phishing-url-detection-master\venv\Lib\site-packages\pycaret\internal\pipeline.py:146: UserWarning: Version mismatch:
current: {'deps_info': {'pip': '24.0', 'setuptools': '84.0.0', 'pycaret': '3.3.1', 'IPython': '9.17.1', 'ipywidgets': '8.1.9', 'tqdm': '4.70.1', 'numpy': '1.26.4', 'pandas': '2.1.4', 'jinja2': '3.1.6', 'scipy': '1.11.4', 'joblib': '1.3.2', 'sklearn': '1.4.2', 'pyod': '3.4.0', 'imblearn': '0.14.2', 'category_encoders': '2.7.0', 'lightgbm': '4.3.0', 'numba': '0.67.0', 'requests': '2.34.2', 'matplotlib': '3.7.5', 'scikitplot': '0.3.7', 'yellowbrick': '1.5', 'plotly': '6.9.0', 'plotly-resampler': 'Not installed', 'kaleido': '1.4.0', 'schemdraw': '0.15', 'statsmodels': '0.15.0', 'sktime': '0.26.0', 'tbats': '1.1.3', 'pmdarima': '2.0.4', 'psutil': '7.2.2', 'markupsafe': '3.0.3', 'pickle5': 'Not installed', 'cloudpickle': '3.1.2', 'deprecation': '2.1.0', 'xxhash': '4.0.1', 'wurlitzer': 'Not installed'}, 'python': {'version': '3.11.9', 'machine': 'AMD64'}}
pickle: {'deps_info': {'pip': '23.1.2', 'setuptools': '67.7.2', 'pycaret': '3.0.4', 'IPython': '7.34.0', 'ipywidgets': '7.7.1', 'tqdm': '4.66.1', 'numpy': '1.23.5', 'pandas': '1.5.3', 'jinja2': '3.1.2', 'scipy': '1.10.1', 'joblib': '1.3.2', 'sklearn': '1.2.2', 'pyod': '1.1.0', 'imblearn': '0.10.1', 'category_encoders': '2.6.2', 'lightgbm': '4.0.0', 'numba': '0.56.4', 'requests': '2.31.0', 'matplotlib': '3.7.1', 'scikitplot': '0.3.7', 'yellowbrick': '1.5', 'plotly': '5.15.0', 'plotly-resampler': 'Not installed', 'kaleido': '0.2.1', 'schemdraw': '0.15', 'statsmodels': '0.14.0', 'sktime': '0.22.0', 'tbats': '1.1.3', 'pmdarima': '2.0.3', 'psutil': '5.9.5', 'markupsafe': '2.1.3', 'pickle5': 'Not installed', 'cloudpickle': '2.2.1', 'deprecation': '2.1.0', 'xxhash': '3.3.0', 'wurlitzer': '3.0.3'}, 'python': {'version': '3.10.12', 'machine': 'x86_64'}}
  warnings.warn(

2026-09-20 00:37:26,798:WARNING:E:\ML_project\python-phishing-url-detection-master\python-phishing-url-detection-master\venv\Lib\site-packages\sklearn\base.py:376: InconsistentVersionWarning: Trying to unpickle estimator PCA from version 1.2.2 when using version 1.4.2. This might lead to breaking code or invalid results. Use at your own risk. For more info please refer to:
https://scikit-learn.org/stable/model_persistence.html#security-maintainability-limitations
  warnings.warn(

2026-09-20 00:37:26,816:INFO:Initializing predict_model()
2026-09-20 00:37:26,816:INFO:predict_model(self=<pycaret.classification.oop.ClassificationExperiment object at 0x000002AB426E9C90>, estimator=Pipeline(memory=FastMemory(location=/tmp/joblib),
         steps=[('numerical_imputer',
                 TransformerWrapper(include=['domain_att', 'URL_Length',
                                             'URL_Depth'],
                                    transformer=SimpleImputer())),
                ('categorical_imputer',
                 TransformerWrapper(include=[],
                                    transformer=SimpleImputer(strategy='most_frequent'))),
                ('transformation',
                 TransformerWrapper(transformer=PowerTransformer(standardize=False))),
                ('normalize', TransformerWrapper(transformer=StandardScaler())),
                ('clean_column_names',
                 TransformerWrapper(transformer=CleanColumnNames())),
                ('trained_model', LGBMClassifier(n_jobs=-1, random_state=321))]), probability_threshold=None, encoded_labels=False, raw_score=False, round=4, verbose=True, ml_usecase=None, preprocess=True, encode_labels=<function _SupervisedExperiment.predict_model.<locals>.encode_labels at 0x000002AB261D6AC0>)
2026-09-20 00:37:26,816:INFO:Checking exceptions
2026-09-20 00:37:26,816:INFO:Preloading libraries
2026-09-20 00:37:26,817:INFO:Set up data.
2026-09-20 00:37:26,821:INFO:Set up index.
2026-09-20 00:38:19,808:WARNING:E:\ML_project\python-phishing-url-detection-master\python-phishing-url-detection-master\venv\Lib\site-packages\sklearn\base.py:376: InconsistentVersionWarning: Trying to unpickle estimator PCA from version 1.2.2 when using version 1.4.2. This might lead to breaking code or invalid results. Use at your own risk. For more info please refer to:
https://scikit-learn.org/stable/model_persistence.html#security-maintainability-limitations
  warnings.warn(

2026-09-20 00:38:19,817:INFO:Initializing predict_model()
2026-09-20 00:38:19,817:INFO:predict_model(self=<pycaret.classification.oop.ClassificationExperiment object at 0x000002AB425685D0>, estimator=Pipeline(memory=FastMemory(location=/tmp/joblib),
         steps=[('numerical_imputer',
                 TransformerWrapper(include=['domain_att', 'URL_Length',
                                             'URL_Depth'],
                                    transformer=SimpleImputer())),
                ('categorical_imputer',
                 TransformerWrapper(include=[],
                                    transformer=SimpleImputer(strategy='most_frequent'))),
                ('transformation',
                 TransformerWrapper(transformer=PowerTransformer(standardize=False))),
                ('normalize', TransformerWrapper(transformer=StandardScaler())),
                ('clean_column_names',
                 TransformerWrapper(transformer=CleanColumnNames())),
                ('trained_model', LGBMClassifier(n_jobs=-1, random_state=321))]), probability_threshold=None, encoded_labels=False, raw_score=False, round=4, verbose=True, ml_usecase=None, preprocess=True, encode_labels=<function _SupervisedExperiment.predict_model.<locals>.encode_labels at 0x000002AB426AB420>)
2026-09-20 00:38:19,817:INFO:Checking exceptions
2026-09-20 00:38:19,818:INFO:Preloading libraries
2026-09-20 00:38:19,818:INFO:Set up data.
2026-09-20 00:38:19,821:INFO:Set up index.
2026-09-20 00:38:34,049:WARNING:E:\ML_project\python-phishing-url-detection-master\python-phishing-url-detection-master\venv\Lib\site-packages\sklearn\base.py:376: InconsistentVersionWarning: Trying to unpickle estimator PCA from version 1.2.2 when using version 1.4.2. This might lead to breaking code or invalid results. Use at your own risk. For more info please refer to:
https://scikit-learn.org/stable/model_persistence.html#security-maintainability-limitations
  warnings.warn(

2026-09-20 00:38:34,055:INFO:Initializing predict_model()
2026-09-20 00:38:34,056:INFO:predict_model(self=<pycaret.classification.oop.ClassificationExperiment object at 0x000002AB426E97D0>, estimator=Pipeline(memory=FastMemory(location=/tmp/joblib),
         steps=[('numerical_imputer',
                 TransformerWrapper(include=['domain_att', 'URL_Length',
                                             'URL_Depth'],
                                    transformer=SimpleImputer())),
                ('categorical_imputer',
                 TransformerWrapper(include=[],
                                    transformer=SimpleImputer(strategy='most_frequent'))),
                ('transformation',
                 TransformerWrapper(transformer=PowerTransformer(standardize=False))),
                ('normalize', TransformerWrapper(transformer=StandardScaler())),
                ('clean_column_names',
                 TransformerWrapper(transformer=CleanColumnNames())),
                ('trained_model', LGBMClassifier(n_jobs=-1, random_state=321))]), probability_threshold=None, encoded_labels=False, raw_score=False, round=4, verbose=True, ml_usecase=None, preprocess=True, encode_labels=<function _SupervisedExperiment.predict_model.<locals>.encode_labels at 0x000002AB426AAAC0>)
2026-09-20 00:38:34,056:INFO:Checking exceptions
2026-09-20 00:38:34,056:INFO:Preloading libraries
2026-09-20 00:38:34,056:INFO:Set up data.
2026-09-20 00:38:34,059:INFO:Set up index.
2026-09-20 00:39:25,314:WARNING:E:\ML_project\python-phishing-url-detection-master\python-phishing-url-detection-master\venv\Lib\site-packages\sklearn\base.py:376: InconsistentVersionWarning: Trying to unpickle estimator PCA from version 1.2.2 when using version 1.4.2. This might lead to breaking code or invalid results. Use at your own risk. For more info please refer to:
https://scikit-learn.org/stable/model_persistence.html#security-maintainability-limitations
  warnings.warn(

2026-09-20 00:39:25,321:INFO:Initializing predict_model()
2026-09-20 00:39:25,322:INFO:predict_model(self=<pycaret.classification.oop.ClassificationExperiment object at 0x000002AB426EB450>, estimator=Pipeline(memory=FastMemory(location=/tmp/joblib),
         steps=[('numerical_imputer',
                 TransformerWrapper(include=['domain_att', 'URL_Length',
                                             'URL_Depth'],
                                    transformer=SimpleImputer())),
                ('categorical_imputer',
                 TransformerWrapper(include=[],
                                    transformer=SimpleImputer(strategy='most_frequent'))),
                ('transformation',
                 TransformerWrapper(transformer=PowerTransformer(standardize=False))),
                ('normalize', TransformerWrapper(transformer=StandardScaler())),
                ('clean_column_names',
                 TransformerWrapper(transformer=CleanColumnNames())),
                ('trained_model', LGBMClassifier(n_jobs=-1, random_state=321))]), probability_threshold=None, encoded_labels=False, raw_score=False, round=4, verbose=True, ml_usecase=None, preprocess=True, encode_labels=<function _SupervisedExperiment.predict_model.<locals>.encode_labels at 0x000002AB261D6AC0>)
2026-09-20 00:39:25,322:INFO:Checking exceptions
2026-09-20 00:39:25,322:INFO:Preloading libraries
2026-09-20 00:39:25,322:INFO:Set up data.
2026-09-20 00:39:25,326:INFO:Set up index.
2026-09-20 20:44:08,283:WARNING:
'cuml' is a soft dependency and not included in the pycaret installation. Please run: `pip install cuml` to install.
2026-09-20 20:44:08,283:WARNING:
'cuml' is a soft dependency and not included in the pycaret installation. Please run: `pip install cuml` to install.
2026-09-20 20:44:08,283:WARNING:
'cuml' is a soft dependency and not included in the pycaret installation. Please run: `pip install cuml` to install.
2026-09-20 20:44:08,283:WARNING:
'cuml' is a soft dependency and not included in the pycaret installation. Please run: `pip install cuml` to install.
2026-09-20 20:44:10,353:INFO:Initializing load_model()
2026-09-20 20:44:10,353:INFO:load_model(model_name=model/phishingdetection, platform=None, authentication=None, verbose=True)
2026-09-20 20:44:10,378:WARNING:C:\Users\Shashank\AppData\Local\Programs\Python\Python311\Lib\site-packages\sklearn\base.py:376: InconsistentVersionWarning: Trying to unpickle estimator SimpleImputer from version 1.2.2 when using version 1.4.2. This might lead to breaking code or invalid results. Use at your own risk. For more info please refer to:
https://scikit-learn.org/stable/model_persistence.html#security-maintainability-limitations
  warnings.warn(

2026-09-20 20:44:10,378:WARNING:C:\Users\Shashank\AppData\Local\Programs\Python\Python311\Lib\site-packages\sklearn\base.py:376: InconsistentVersionWarning: Trying to unpickle estimator PowerTransformer from version 1.2.2 when using version 1.4.2. This might lead to breaking code or invalid results. Use at your own risk. For more info please refer to:
https://scikit-learn.org/stable/model_persistence.html#security-maintainability-limitations
  warnings.warn(

2026-09-20 20:44:10,379:WARNING:C:\Users\Shashank\AppData\Local\Programs\Python\Python311\Lib\site-packages\sklearn\base.py:376: InconsistentVersionWarning: Trying to unpickle estimator StandardScaler from version 1.2.2 when using version 1.4.2. This might lead to breaking code or invalid results. Use at your own risk. For more info please refer to:
https://scikit-learn.org/stable/model_persistence.html#security-maintainability-limitations
  warnings.warn(

2026-09-20 20:44:10,409:WARNING:C:\Users\Shashank\AppData\Local\Programs\Python\Python311\Lib\site-packages\sklearn\base.py:376: InconsistentVersionWarning: Trying to unpickle estimator LabelEncoder from version 1.2.2 when using version 1.4.2. This might lead to breaking code or invalid results. Use at your own risk. For more info please refer to:
https://scikit-learn.org/stable/model_persistence.html#security-maintainability-limitations
  warnings.warn(

2026-09-20 20:44:10,421:WARNING:C:\Users\Shashank\AppData\Local\Programs\Python\Python311\Lib\site-packages\_distutils_hack\__init__.py:33: UserWarning: Setuptools is replacing distutils.
  warnings.warn("Setuptools is replacing distutils.")

2026-09-20 20:44:10,426:WARNING:C:\Users\Shashank\AppData\Local\Programs\Python\Python311\Lib\site-packages\pycaret\internal\pipeline.py:146: UserWarning: Version mismatch:
current: {'deps_info': {'pip': '26.2.1', 'setuptools': '65.5.0', 'pycaret': '3.3.1', 'IPython': '8.23.0', 'ipywidgets': '8.1.2', 'tqdm': '4.66.2', 'numpy': '1.26.4', 'pandas': '2.1.4', 'jinja2': '3.1.3', 'scipy': '1.11.4', 'joblib': '1.3.2', 'sklearn': '1.4.2', 'pyod': '1.1.3', 'imblearn': '0.12.2', 'category_encoders': '2.6.3', 'lightgbm': '4.3.0', 'numba': '0.59.1', 'requests': '2.31.0', 'matplotlib': '3.7.5', 'scikitplot': '0.3.7', 'yellowbrick': '1.5', 'plotly': '5.21.0', 'plotly-resampler': 'Not installed', 'kaleido': '0.2.1', 'schemdraw': '0.15', 'statsmodels': '0.14.2', 'sktime': '0.26.0', 'tbats': '1.1.3', 'pmdarima': '2.0.4', 'psutil': '5.9.8', 'markupsafe': '2.1.5', 'pickle5': 'Not installed', 'cloudpickle': '3.0.0', 'deprecation': '2.1.0', 'xxhash': '3.4.1', 'wurlitzer': 'Not installed'}, 'python': {'version': '3.11.9', 'machine': 'AMD64'}}
pickle: {'deps_info': {'pip': '23.1.2', 'setuptools': '67.7.2', 'pycaret': '3.0.4', 'IPython': '7.34.0', 'ipywidgets': '7.7.1', 'tqdm': '4.66.1', 'numpy': '1.23.5', 'pandas': '1.5.3', 'jinja2': '3.1.2', 'scipy': '1.10.1', 'joblib': '1.3.2', 'sklearn': '1.2.2', 'pyod': '1.1.0', 'imblearn': '0.10.1', 'category_encoders': '2.6.2', 'lightgbm': '4.0.0', 'numba': '0.56.4', 'requests': '2.31.0', 'matplotlib': '3.7.1', 'scikitplot': '0.3.7', 'yellowbrick': '1.5', 'plotly': '5.15.0', 'plotly-resampler': 'Not installed', 'kaleido': '0.2.1', 'schemdraw': '0.15', 'statsmodels': '0.14.0', 'sktime': '0.22.0', 'tbats': '1.1.3', 'pmdarima': '2.0.3', 'psutil': '5.9.5', 'markupsafe': '2.1.3', 'pickle5': 'Not installed', 'cloudpickle': '2.2.1', 'deprecation': '2.1.0', 'xxhash': '3.3.0', 'wurlitzer': '3.0.3'}, 'python': {'version': '3.10.12', 'machine': 'x86_64'}}
  warnings.warn(

2026-09-20 20:44:12,855:WARNING:
'cuml' is a soft dependency and not included in the pycaret installation. Please run: `pip install cuml` to install.
2026-09-20 20:44:12,856:WARNING:
'cuml' is a soft dependency and not included in the pycaret installation. Please run: `pip install cuml` to install.
2026-09-20 20:44:12,856:WARNING:
'cuml' is a soft dependency and not included in the pycaret installation. Please run: `pip install cuml` to install.
2026-09-20 20:44:12,856:WARNING:
'cuml' is a soft dependency and not included in the pycaret installation. Please run: `pip install cuml` to install.
2026-09-20 20:44:13,863:INFO:Initializing load_model()
2026-09-20 20:44:13,864:INFO:load_model(model_name=model/phishingdetection, platform=None, authentication=None, verbose=True)
2026-09-20 20:44:13,867:WARNING:C:\Users\Shashank\AppData\Local\Programs\Python\Python311\Lib\site-packages\sklearn\base.py:376: InconsistentVersionWarning: Trying to unpickle estimator SimpleImputer from version 1.2.2 when using version 1.4.2. This might lead to breaking code or invalid results. Use at your own risk. For more info please refer to:
https://scikit-learn.org/stable/model_persistence.html#security-maintainability-limitations
  warnings.warn(

2026-09-20 20:44:13,867:WARNING:C:\Users\Shashank\AppData\Local\Programs\Python\Python311\Lib\site-packages\sklearn\base.py:376: InconsistentVersionWarning: Trying to unpickle estimator PowerTransformer from version 1.2.2 when using version 1.4.2. This might lead to breaking code or invalid results. Use at your own risk. For more info please refer to:
https://scikit-learn.org/stable/model_persistence.html#security-maintainability-limitations
  warnings.warn(

2026-09-20 20:44:13,868:WARNING:C:\Users\Shashank\AppData\Local\Programs\Python\Python311\Lib\site-packages\sklearn\base.py:376: InconsistentVersionWarning: Trying to unpickle estimator StandardScaler from version 1.2.2 when using version 1.4.2. This might lead to breaking code or invalid results. Use at your own risk. For more info please refer to:
https://scikit-learn.org/stable/model_persistence.html#security-maintainability-limitations
  warnings.warn(

2026-09-20 20:44:13,891:WARNING:C:\Users\Shashank\AppData\Local\Programs\Python\Python311\Lib\site-packages\sklearn\base.py:376: InconsistentVersionWarning: Trying to unpickle estimator LabelEncoder from version 1.2.2 when using version 1.4.2. This might lead to breaking code or invalid results. Use at your own risk. For more info please refer to:
https://scikit-learn.org/stable/model_persistence.html#security-maintainability-limitations
  warnings.warn(

2026-09-20 20:44:13,893:WARNING:C:\Users\Shashank\AppData\Local\Programs\Python\Python311\Lib\site-packages\_distutils_hack\__init__.py:33: UserWarning: Setuptools is replacing distutils.
  warnings.warn("Setuptools is replacing distutils.")

2026-09-20 20:44:13,897:WARNING:C:\Users\Shashank\AppData\Local\Programs\Python\Python311\Lib\site-packages\pycaret\internal\pipeline.py:146: UserWarning: Version mismatch:
current: {'deps_info': {'pip': '26.2.1', 'setuptools': '65.5.0', 'pycaret': '3.3.1', 'IPython': '8.23.0', 'ipywidgets': '8.1.2', 'tqdm': '4.66.2', 'numpy': '1.26.4', 'pandas': '2.1.4', 'jinja2': '3.1.3', 'scipy': '1.11.4', 'joblib': '1.3.2', 'sklearn': '1.4.2', 'pyod': '1.1.3', 'imblearn': '0.12.2', 'category_encoders': '2.6.3', 'lightgbm': '4.3.0', 'numba': '0.59.1', 'requests': '2.31.0', 'matplotlib': '3.7.5', 'scikitplot': '0.3.7', 'yellowbrick': '1.5', 'plotly': '5.21.0', 'plotly-resampler': 'Not installed', 'kaleido': '0.2.1', 'schemdraw': '0.15', 'statsmodels': '0.14.2', 'sktime': '0.26.0', 'tbats': '1.1.3', 'pmdarima': '2.0.4', 'psutil': '5.9.8', 'markupsafe': '2.1.5', 'pickle5': 'Not installed', 'cloudpickle': '3.0.0', 'deprecation': '2.1.0', 'xxhash': '3.4.1', 'wurlitzer': 'Not installed'}, 'python': {'version': '3.11.9', 'machine': 'AMD64'}}
pickle: {'deps_info': {'pip': '23.1.2', 'setuptools': '67.7.2', 'pycaret': '3.0.4', 'IPython': '7.34.0', 'ipywidgets': '7.7.1', 'tqdm': '4.66.1', 'numpy': '1.23.5', 'pandas': '1.5.3', 'jinja2': '3.1.2', 'scipy': '1.10.1', 'joblib': '1.3.2', 'sklearn': '1.2.2', 'pyod': '1.1.0', 'imblearn': '0.10.1', 'category_encoders': '2.6.2', 'lightgbm': '4.0.0', 'numba': '0.56.4', 'requests': '2.31.0', 'matplotlib': '3.7.1', 'scikitplot': '0.3.7', 'yellowbrick': '1.5', 'plotly': '5.15.0', 'plotly-resampler': 'Not installed', 'kaleido': '0.2.1', 'schemdraw': '0.15', 'statsmodels': '0.14.0', 'sktime': '0.22.0', 'tbats': '1.1.3', 'pmdarima': '2.0.3', 'psutil': '5.9.5', 'markupsafe': '2.1.3', 'pickle5': 'Not installed', 'cloudpickle': '2.2.1', 'deprecation': '2.1.0', 'xxhash': '3.3.0', 'wurlitzer': '3.0.3'}, 'python': {'version': '3.10.12', 'machine': 'x86_64'}}
  warnings.warn(

2026-09-20 20:44:41,583:WARNING:C:\Users\Shashank\AppData\Local\Programs\Python\Python311\Lib\site-packages\sklearn\base.py:376: InconsistentVersionWarning: Trying to unpickle estimator PCA from version 1.2.2 when using version 1.4.2. This might lead to breaking code or invalid results. Use at your own risk. For more info please refer to:
https://scikit-learn.org/stable/model_persistence.html#security-maintainability-limitations
  warnings.warn(

2026-09-20 20:44:41,605:INFO:Initializing predict_model()
2026-09-20 20:44:41,605:INFO:predict_model(self=<pycaret.classification.oop.ClassificationExperiment object at 0x000001237344C850>, estimator=Pipeline(memory=FastMemory(location=/tmp/joblib),
         steps=[('numerical_imputer',
                 TransformerWrapper(include=['domain_att', 'URL_Length',
                                             'URL_Depth'],
                                    transformer=SimpleImputer())),
                ('categorical_imputer',
                 TransformerWrapper(include=[],
                                    transformer=SimpleImputer(strategy='most_frequent'))),
                ('transformation',
                 TransformerWrapper(transformer=PowerTransformer(standardize=False))),
                ('normalize', TransformerWrapper(transformer=StandardScaler())),
                ('clean_column_names',
                 TransformerWrapper(transformer=CleanColumnNames())),
                ('trained_model', LGBMClassifier(n_jobs=-1, random_state=321))]), probability_threshold=None, encoded_labels=False, raw_score=False, round=4, verbose=True, ml_usecase=None, preprocess=True, encode_labels=<function _SupervisedExperiment.predict_model.<locals>.encode_labels at 0x000001236CC599E0>)
2026-09-20 20:44:41,605:INFO:Checking exceptions
2026-09-20 20:44:41,605:INFO:Preloading libraries
2026-09-20 20:44:41,606:INFO:Set up data.
2026-09-20 20:44:41,615:INFO:Set up index.
2026-09-20 20:44:45,874:WARNING:C:\Users\Shashank\AppData\Local\Programs\Python\Python311\Lib\site-packages\sklearn\base.py:376: InconsistentVersionWarning: Trying to unpickle estimator PCA from version 1.2.2 when using version 1.4.2. This might lead to breaking code or invalid results. Use at your own risk. For more info please refer to:
https://scikit-learn.org/stable/model_persistence.html#security-maintainability-limitations
  warnings.warn(

2026-09-20 20:44:45,883:INFO:Initializing predict_model()
2026-09-20 20:44:45,883:INFO:predict_model(self=<pycaret.classification.oop.ClassificationExperiment object at 0x000001237357C990>, estimator=Pipeline(memory=FastMemory(location=/tmp/joblib),
         steps=[('numerical_imputer',
                 TransformerWrapper(include=['domain_att', 'URL_Length',
                                             'URL_Depth'],
                                    transformer=SimpleImputer())),
                ('categorical_imputer',
                 TransformerWrapper(include=[],
                                    transformer=SimpleImputer(strategy='most_frequent'))),
                ('transformation',
                 TransformerWrapper(transformer=PowerTransformer(standardize=False))),
                ('normalize', TransformerWrapper(transformer=StandardScaler())),
                ('clean_column_names',
                 TransformerWrapper(transformer=CleanColumnNames())),
                ('trained_model', LGBMClassifier(n_jobs=-1, random_state=321))]), probability_threshold=None, encoded_labels=False, raw_score=False, round=4, verbose=True, ml_usecase=None, preprocess=True, encode_labels=<function _SupervisedExperiment.predict_model.<locals>.encode_labels at 0x000001233A107420>)
2026-09-20 20:44:45,883:INFO:Checking exceptions
2026-09-20 20:44:45,883:INFO:Preloading libraries
2026-09-20 20:44:45,884:INFO:Set up data.
2026-09-20 20:44:45,890:INFO:Set up index.
2026-09-20 20:44:46,712:WARNING:C:\Users\Shashank\AppData\Local\Programs\Python\Python311\Lib\site-packages\sklearn\base.py:376: InconsistentVersionWarning: Trying to unpickle estimator PCA from version 1.2.2 when using version 1.4.2. This might lead to breaking code or invalid results. Use at your own risk. For more info please refer to:
https://scikit-learn.org/stable/model_persistence.html#security-maintainability-limitations
  warnings.warn(

2026-09-20 20:44:46,721:INFO:Initializing predict_model()
2026-09-20 20:44:46,721:INFO:predict_model(self=<pycaret.classification.oop.ClassificationExperiment object at 0x000001237354FA50>, estimator=Pipeline(memory=FastMemory(location=/tmp/joblib),
         steps=[('numerical_imputer',
                 TransformerWrapper(include=['domain_att', 'URL_Length',
                                             'URL_Depth'],
                                    transformer=SimpleImputer())),
                ('categorical_imputer',
                 TransformerWrapper(include=[],
                                    transformer=SimpleImputer(strategy='most_frequent'))),
                ('transformation',
                 TransformerWrapper(transformer=PowerTransformer(standardize=False))),
                ('normalize', TransformerWrapper(transformer=StandardScaler())),
                ('clean_column_names',
                 TransformerWrapper(transformer=CleanColumnNames())),
                ('trained_model', LGBMClassifier(n_jobs=-1, random_state=321))]), probability_threshold=None, encoded_labels=False, raw_score=False, round=4, verbose=True, ml_usecase=None, preprocess=True, encode_labels=<function _SupervisedExperiment.predict_model.<locals>.encode_labels at 0x00000123735380E0>)
2026-09-20 20:44:46,721:INFO:Checking exceptions
2026-09-20 20:44:46,721:INFO:Preloading libraries
2026-09-20 20:44:46,721:INFO:Set up data.
2026-09-20 20:44:46,723:INFO:Set up index.
2026-09-20 20:44:50,166:WARNING:C:\Users\Shashank\AppData\Local\Programs\Python\Python311\Lib\site-packages\sklearn\base.py:376: InconsistentVersionWarning: Trying to unpickle estimator PCA from version 1.2.2 when using version 1.4.2. This might lead to breaking code or invalid results. Use at your own risk. For more info please refer to:
https://scikit-learn.org/stable/model_persistence.html#security-maintainability-limitations
  warnings.warn(

2026-09-20 20:44:50,174:INFO:Initializing predict_model()
2026-09-20 20:44:50,175:INFO:predict_model(self=<pycaret.classification.oop.ClassificationExperiment object at 0x000001237354FB10>, estimator=Pipeline(memory=FastMemory(location=/tmp/joblib),
         steps=[('numerical_imputer',
                 TransformerWrapper(include=['domain_att', 'URL_Length',
                                             'URL_Depth'],
                                    transformer=SimpleImputer())),
                ('categorical_imputer',
                 TransformerWrapper(include=[],
                                    transformer=SimpleImputer(strategy='most_frequent'))),
                ('transformation',
                 TransformerWrapper(transformer=PowerTransformer(standardize=False))),
                ('normalize', TransformerWrapper(transformer=StandardScaler())),
                ('clean_column_names',
                 TransformerWrapper(transformer=CleanColumnNames())),
                ('trained_model', LGBMClassifier(n_jobs=-1, random_state=321))]), probability_threshold=None, encoded_labels=False, raw_score=False, round=4, verbose=True, ml_usecase=None, preprocess=True, encode_labels=<function _SupervisedExperiment.predict_model.<locals>.encode_labels at 0x0000012373557100>)
2026-09-20 20:44:50,175:INFO:Checking exceptions
2026-09-20 20:44:50,175:INFO:Preloading libraries
2026-09-20 20:44:50,175:INFO:Set up data.
2026-09-20 20:44:50,177:INFO:Set up index.
2026-09-20 20:44:55,744:WARNING:C:\Users\Shashank\AppData\Local\Programs\Python\Python311\Lib\site-packages\sklearn\base.py:376: InconsistentVersionWarning: Trying to unpickle estimator PCA from version 1.2.2 when using version 1.4.2. This might lead to breaking code or invalid results. Use at your own risk. For more info please refer to:
https://scikit-learn.org/stable/model_persistence.html#security-maintainability-limitations
  warnings.warn(

2026-09-20 20:44:55,751:INFO:Initializing predict_model()
2026-09-20 20:44:55,751:INFO:predict_model(self=<pycaret.classification.oop.ClassificationExperiment object at 0x0000012373577790>, estimator=Pipeline(memory=FastMemory(location=/tmp/joblib),
         steps=[('numerical_imputer',
                 TransformerWrapper(include=['domain_att', 'URL_Length',
                                             'URL_Depth'],
                                    transformer=SimpleImputer())),
                ('categorical_imputer',
                 TransformerWrapper(include=[],
                                    transformer=SimpleImputer(strategy='most_frequent'))),
                ('transformation',
                 TransformerWrapper(transformer=PowerTransformer(standardize=False))),
                ('normalize', TransformerWrapper(transformer=StandardScaler())),
                ('clean_column_names',
                 TransformerWrapper(transformer=CleanColumnNames())),
                ('trained_model', LGBMClassifier(n_jobs=-1, random_state=321))]), probability_threshold=None, encoded_labels=False, raw_score=False, round=4, verbose=True, ml_usecase=None, preprocess=True, encode_labels=<function _SupervisedExperiment.predict_model.<locals>.encode_labels at 0x0000012356A67060>)
2026-09-20 20:44:55,751:INFO:Checking exceptions
2026-09-20 20:44:55,752:INFO:Preloading libraries
2026-09-20 20:44:55,752:INFO:Set up data.
2026-09-20 20:44:55,754:INFO:Set up index.
2026-09-20 20:47:25,006:WARNING:C:\Users\Shashank\AppData\Local\Programs\Python\Python311\Lib\site-packages\sklearn\base.py:376: InconsistentVersionWarning: Trying to unpickle estimator PCA from version 1.2.2 when using version 1.4.2. This might lead to breaking code or invalid results. Use at your own risk. For more info please refer to:
https://scikit-learn.org/stable/model_persistence.html#security-maintainability-limitations
  warnings.warn(

2026-09-20 20:47:25,012:INFO:Initializing predict_model()
2026-09-20 20:47:25,014:INFO:predict_model(self=<pycaret.classification.oop.ClassificationExperiment object at 0x000001237357C290>, estimator=Pipeline(memory=FastMemory(location=/tmp/joblib),
         steps=[('numerical_imputer',
                 TransformerWrapper(include=['domain_att', 'URL_Length',
                                             'URL_Depth'],
                                    transformer=SimpleImputer())),
                ('categorical_imputer',
                 TransformerWrapper(include=[],
                                    transformer=SimpleImputer(strategy='most_frequent'))),
                ('transformation',
                 TransformerWrapper(transformer=PowerTransformer(standardize=False))),
                ('normalize', TransformerWrapper(transformer=StandardScaler())),
                ('clean_column_names',
                 TransformerWrapper(transformer=CleanColumnNames())),
                ('trained_model', LGBMClassifier(n_jobs=-1, random_state=321))]), probability_threshold=None, encoded_labels=False, raw_score=False, round=4, verbose=True, ml_usecase=None, preprocess=True, encode_labels=<function _SupervisedExperiment.predict_model.<locals>.encode_labels at 0x00000123735553A0>)
2026-09-20 20:47:25,014:INFO:Checking exceptions
2026-09-20 20:47:25,014:INFO:Preloading libraries
2026-09-20 20:47:25,014:INFO:Set up data.
2026-09-20 20:47:25,017:INFO:Set up index.
2026-09-20 20:48:27,792:WARNING:C:\Users\Shashank\AppData\Local\Programs\Python\Python311\Lib\site-packages\sklearn\base.py:376: InconsistentVersionWarning: Trying to unpickle estimator PCA from version 1.2.2 when using version 1.4.2. This might lead to breaking code or invalid results. Use at your own risk. For more info please refer to:
https://scikit-learn.org/stable/model_persistence.html#security-maintainability-limitations
  warnings.warn(

2026-09-20 20:48:27,799:INFO:Initializing predict_model()
2026-09-20 20:48:27,799:INFO:predict_model(self=<pycaret.classification.oop.ClassificationExperiment object at 0x0000012373579710>, estimator=Pipeline(memory=FastMemory(location=/tmp/joblib),
         steps=[('numerical_imputer',
                 TransformerWrapper(include=['domain_att', 'URL_Length',
                                             'URL_Depth'],
                                    transformer=SimpleImputer())),
                ('categorical_imputer',
                 TransformerWrapper(include=[],
                                    transformer=SimpleImputer(strategy='most_frequent'))),
                ('transformation',
                 TransformerWrapper(transformer=PowerTransformer(standardize=False))),
                ('normalize', TransformerWrapper(transformer=StandardScaler())),
                ('clean_column_names',
                 TransformerWrapper(transformer=CleanColumnNames())),
                ('trained_model', LGBMClassifier(n_jobs=-1, random_state=321))]), probability_threshold=None, encoded_labels=False, raw_score=False, round=4, verbose=True, ml_usecase=None, preprocess=True, encode_labels=<function _SupervisedExperiment.predict_model.<locals>.encode_labels at 0x00000123735571A0>)
2026-09-20 20:48:27,799:INFO:Checking exceptions
2026-09-20 20:48:27,799:INFO:Preloading libraries
2026-09-20 20:48:27,800:INFO:Set up data.
2026-09-20 20:48:27,801:INFO:Set up index.
2026-09-23 09:37:47,683:WARNING:
'cuml' is a soft dependency and not included in the pycaret installation. Please run: `pip install cuml` to install.
2026-09-23 09:37:47,684:WARNING:
'cuml' is a soft dependency and not included in the pycaret installation. Please run: `pip install cuml` to install.
2026-09-23 09:37:47,684:WARNING:
'cuml' is a soft dependency and not included in the pycaret installation. Please run: `pip install cuml` to install.
2026-09-23 09:37:47,684:WARNING:
'cuml' is a soft dependency and not included in the pycaret installation. Please run: `pip install cuml` to install.
2026-09-23 09:37:50,670:INFO:Initializing load_model()
2026-09-23 09:37:50,670:INFO:load_model(model_name=model/phishingdetection, platform=None, authentication=None, verbose=True)
2026-09-23 09:37:50,692:WARNING:C:\Users\Shashank\AppData\Local\Programs\Python\Python311\Lib\site-packages\sklearn\base.py:376: InconsistentVersionWarning: Trying to unpickle estimator SimpleImputer from version 1.2.2 when using version 1.4.2. This might lead to breaking code or invalid results. Use at your own risk. For more info please refer to:
https://scikit-learn.org/stable/model_persistence.html#security-maintainability-limitations
  warnings.warn(

2026-09-23 09:37:50,693:WARNING:C:\Users\Shashank\AppData\Local\Programs\Python\Python311\Lib\site-packages\sklearn\base.py:376: InconsistentVersionWarning: Trying to unpickle estimator PowerTransformer from version 1.2.2 when using version 1.4.2. This might lead to breaking code or invalid results. Use at your own risk. For more info please refer to:
https://scikit-learn.org/stable/model_persistence.html#security-maintainability-limitations
  warnings.warn(

2026-09-23 09:37:50,693:WARNING:C:\Users\Shashank\AppData\Local\Programs\Python\Python311\Lib\site-packages\sklearn\base.py:376: InconsistentVersionWarning: Trying to unpickle estimator StandardScaler from version 1.2.2 when using version 1.4.2. This might lead to breaking code or invalid results. Use at your own risk. For more info please refer to:
https://scikit-learn.org/stable/model_persistence.html#security-maintainability-limitations
  warnings.warn(

2026-09-23 09:37:50,737:WARNING:C:\Users\Shashank\AppData\Local\Programs\Python\Python311\Lib\site-packages\sklearn\base.py:376: InconsistentVersionWarning: Trying to unpickle estimator LabelEncoder from version 1.2.2 when using version 1.4.2. This might lead to breaking code or invalid results. Use at your own risk. For more info please refer to:
https://scikit-learn.org/stable/model_persistence.html#security-maintainability-limitations
  warnings.warn(

2026-09-23 09:37:50,751:WARNING:C:\Users\Shashank\AppData\Local\Programs\Python\Python311\Lib\site-packages\_distutils_hack\__init__.py:33: UserWarning: Setuptools is replacing distutils.
  warnings.warn("Setuptools is replacing distutils.")

2026-09-23 09:37:50,771:WARNING:C:\Users\Shashank\AppData\Local\Programs\Python\Python311\Lib\site-packages\pycaret\internal\pipeline.py:146: UserWarning: Version mismatch:
current: {'deps_info': {'pip': '26.2.1', 'setuptools': '65.5.0', 'pycaret': '3.3.1', 'IPython': '8.23.0', 'ipywidgets': '8.1.2', 'tqdm': '4.66.2', 'numpy': '1.26.4', 'pandas': '2.1.4', 'jinja2': '3.1.3', 'scipy': '1.11.4', 'joblib': '1.3.2', 'sklearn': '1.4.2', 'pyod': '1.1.3', 'imblearn': '0.12.2', 'category_encoders': '2.6.3', 'lightgbm': '4.3.0', 'numba': '0.59.1', 'requests': '2.31.0', 'matplotlib': '3.7.5', 'scikitplot': '0.3.7', 'yellowbrick': '1.5', 'plotly': '5.21.0', 'plotly-resampler': 'Not installed', 'kaleido': '0.2.1', 'schemdraw': '0.15', 'statsmodels': '0.14.2', 'sktime': '0.26.0', 'tbats': '1.1.3', 'pmdarima': '2.0.4', 'psutil': '5.9.8', 'markupsafe': '2.1.5', 'pickle5': 'Not installed', 'cloudpickle': '3.0.0', 'deprecation': '2.1.0', 'xxhash': '3.4.1', 'wurlitzer': 'Not installed'}, 'python': {'version': '3.11.9', 'machine': 'AMD64'}}
pickle: {'deps_info': {'pip': '23.1.2', 'setuptools': '67.7.2', 'pycaret': '3.0.4', 'IPython': '7.34.0', 'ipywidgets': '7.7.1', 'tqdm': '4.66.1', 'numpy': '1.23.5', 'pandas': '1.5.3', 'jinja2': '3.1.2', 'scipy': '1.10.1', 'joblib': '1.3.2', 'sklearn': '1.2.2', 'pyod': '1.1.0', 'imblearn': '0.10.1', 'category_encoders': '2.6.2', 'lightgbm': '4.0.0', 'numba': '0.56.4', 'requests': '2.31.0', 'matplotlib': '3.7.1', 'scikitplot': '0.3.7', 'yellowbrick': '1.5', 'plotly': '5.15.0', 'plotly-resampler': 'Not installed', 'kaleido': '0.2.1', 'schemdraw': '0.15', 'statsmodels': '0.14.0', 'sktime': '0.22.0', 'tbats': '1.1.3', 'pmdarima': '2.0.3', 'psutil': '5.9.5', 'markupsafe': '2.1.3', 'pickle5': 'Not installed', 'cloudpickle': '2.2.1', 'deprecation': '2.1.0', 'xxhash': '3.3.0', 'wurlitzer': '3.0.3'}, 'python': {'version': '3.10.12', 'machine': 'x86_64'}}
  warnings.warn(

2026-09-23 09:37:54,734:WARNING:
'cuml' is a soft dependency and not included in the pycaret installation. Please run: `pip install cuml` to install.
2026-09-23 09:37:54,734:WARNING:
'cuml' is a soft dependency and not included in the pycaret installation. Please run: `pip install cuml` to install.
2026-09-23 09:37:54,734:WARNING:
'cuml' is a soft dependency and not included in the pycaret installation. Please run: `pip install cuml` to install.
2026-09-23 09:37:54,734:WARNING:
'cuml' is a soft dependency and not included in the pycaret installation. Please run: `pip install cuml` to install.
2026-09-23 09:37:56,207:INFO:Initializing load_model()
2026-09-23 09:37:56,207:INFO:load_model(model_name=model/phishingdetection, platform=None, authentication=None, verbose=True)
2026-09-23 09:37:56,210:WARNING:C:\Users\Shashank\AppData\Local\Programs\Python\Python311\Lib\site-packages\sklearn\base.py:376: InconsistentVersionWarning: Trying to unpickle estimator SimpleImputer from version 1.2.2 when using version 1.4.2. This might lead to breaking code or invalid results. Use at your own risk. For more info please refer to:
https://scikit-learn.org/stable/model_persistence.html#security-maintainability-limitations
  warnings.warn(

2026-09-23 09:37:56,211:WARNING:C:\Users\Shashank\AppData\Local\Programs\Python\Python311\Lib\site-packages\sklearn\base.py:376: InconsistentVersionWarning: Trying to unpickle estimator PowerTransformer from version 1.2.2 when using version 1.4.2. This might lead to breaking code or invalid results. Use at your own risk. For more info please refer to:
https://scikit-learn.org/stable/model_persistence.html#security-maintainability-limitations
  warnings.warn(

2026-09-23 09:37:56,211:WARNING:C:\Users\Shashank\AppData\Local\Programs\Python\Python311\Lib\site-packages\sklearn\base.py:376: InconsistentVersionWarning: Trying to unpickle estimator StandardScaler from version 1.2.2 when using version 1.4.2. This might lead to breaking code or invalid results. Use at your own risk. For more info please refer to:
https://scikit-learn.org/stable/model_persistence.html#security-maintainability-limitations
  warnings.warn(

2026-09-23 09:37:56,251:WARNING:C:\Users\Shashank\AppData\Local\Programs\Python\Python311\Lib\site-packages\sklearn\base.py:376: InconsistentVersionWarning: Trying to unpickle estimator LabelEncoder from version 1.2.2 when using version 1.4.2. This might lead to breaking code or invalid results. Use at your own risk. For more info please refer to:
https://scikit-learn.org/stable/model_persistence.html#security-maintainability-limitations
  warnings.warn(

2026-09-23 09:37:56,253:WARNING:C:\Users\Shashank\AppData\Local\Programs\Python\Python311\Lib\site-packages\_distutils_hack\__init__.py:33: UserWarning: Setuptools is replacing distutils.
  warnings.warn("Setuptools is replacing distutils.")

2026-09-23 09:37:56,259:WARNING:C:\Users\Shashank\AppData\Local\Programs\Python\Python311\Lib\site-packages\pycaret\internal\pipeline.py:146: UserWarning: Version mismatch:
current: {'deps_info': {'pip': '26.2.1', 'setuptools': '65.5.0', 'pycaret': '3.3.1', 'IPython': '8.23.0', 'ipywidgets': '8.1.2', 'tqdm': '4.66.2', 'numpy': '1.26.4', 'pandas': '2.1.4', 'jinja2': '3.1.3', 'scipy': '1.11.4', 'joblib': '1.3.2', 'sklearn': '1.4.2', 'pyod': '1.1.3', 'imblearn': '0.12.2', 'category_encoders': '2.6.3', 'lightgbm': '4.3.0', 'numba': '0.59.1', 'requests': '2.31.0', 'matplotlib': '3.7.5', 'scikitplot': '0.3.7', 'yellowbrick': '1.5', 'plotly': '5.21.0', 'plotly-resampler': 'Not installed', 'kaleido': '0.2.1', 'schemdraw': '0.15', 'statsmodels': '0.14.2', 'sktime': '0.26.0', 'tbats': '1.1.3', 'pmdarima': '2.0.4', 'psutil': '5.9.8', 'markupsafe': '2.1.5', 'pickle5': 'Not installed', 'cloudpickle': '3.0.0', 'deprecation': '2.1.0', 'xxhash': '3.4.1', 'wurlitzer': 'Not installed'}, 'python': {'version': '3.11.9', 'machine': 'AMD64'}}
pickle: {'deps_info': {'pip': '23.1.2', 'setuptools': '67.7.2', 'pycaret': '3.0.4', 'IPython': '7.34.0', 'ipywidgets': '7.7.1', 'tqdm': '4.66.1', 'numpy': '1.23.5', 'pandas': '1.5.3', 'jinja2': '3.1.2', 'scipy': '1.10.1', 'joblib': '1.3.2', 'sklearn': '1.2.2', 'pyod': '1.1.0', 'imblearn': '0.10.1', 'category_encoders': '2.6.2', 'lightgbm': '4.0.0', 'numba': '0.56.4', 'requests': '2.31.0', 'matplotlib': '3.7.1', 'scikitplot': '0.3.7', 'yellowbrick': '1.5', 'plotly': '5.15.0', 'plotly-resampler': 'Not installed', 'kaleido': '0.2.1', 'schemdraw': '0.15', 'statsmodels': '0.14.0', 'sktime': '0.22.0', 'tbats': '1.1.3', 'pmdarima': '2.0.3', 'psutil': '5.9.5', 'markupsafe': '2.1.3', 'pickle5': 'Not installed', 'cloudpickle': '2.2.1', 'deprecation': '2.1.0', 'xxhash': '3.3.0', 'wurlitzer': '3.0.3'}, 'python': {'version': '3.10.12', 'machine': 'x86_64'}}
  warnings.warn(

2026-09-23 09:38:47,352:WARNING:C:\Users\Shashank\AppData\Local\Programs\Python\Python311\Lib\site-packages\sklearn\base.py:376: InconsistentVersionWarning: Trying to unpickle estimator PCA from version 1.2.2 when using version 1.4.2. This might lead to breaking code or invalid results. Use at your own risk. For more info please refer to:
https://scikit-learn.org/stable/model_persistence.html#security-maintainability-limitations
  warnings.warn(

2026-09-23 09:38:47,375:INFO:Initializing predict_model()
2026-09-23 09:38:47,375:INFO:predict_model(self=<pycaret.classification.oop.ClassificationExperiment object at 0x000001E20F6E6E10>, estimator=Pipeline(memory=FastMemory(location=/tmp/joblib),
         steps=[('numerical_imputer',
                 TransformerWrapper(include=['domain_att', 'URL_Length',
                                             'URL_Depth'],
                                    transformer=SimpleImputer())),
                ('categorical_imputer',
                 TransformerWrapper(include=[],
                                    transformer=SimpleImputer(strategy='most_frequent'))),
                ('transformation',
                 TransformerWrapper(transformer=PowerTransformer(standardize=False))),
                ('normalize', TransformerWrapper(transformer=StandardScaler())),
                ('clean_column_names',
                 TransformerWrapper(transformer=CleanColumnNames())),
                ('trained_model', LGBMClassifier(n_jobs=-1, random_state=321))]), probability_threshold=None, encoded_labels=False, raw_score=False, round=4, verbose=True, ml_usecase=None, preprocess=True, encode_labels=<function _SupervisedExperiment.predict_model.<locals>.encode_labels at 0x000001E27EFE99E0>)
2026-09-23 09:38:47,375:INFO:Checking exceptions
2026-09-23 09:38:47,375:INFO:Preloading libraries
2026-09-23 09:38:47,376:INFO:Set up data.
2026-09-23 09:38:47,383:INFO:Set up index.
2026-09-23 09:44:44,008:WARNING:C:\Users\Shashank\AppData\Local\Programs\Python\Python311\Lib\site-packages\sklearn\base.py:376: InconsistentVersionWarning: Trying to unpickle estimator PCA from version 1.2.2 when using version 1.4.2. This might lead to breaking code or invalid results. Use at your own risk. For more info please refer to:
https://scikit-learn.org/stable/model_persistence.html#security-maintainability-limitations
  warnings.warn(

2026-09-23 09:44:44,021:INFO:Initializing predict_model()
2026-09-23 09:44:44,021:INFO:predict_model(self=<pycaret.classification.oop.ClassificationExperiment object at 0x000001E20FA4BE90>, estimator=Pipeline(memory=FastMemory(location=/tmp/joblib),
         steps=[('numerical_imputer',
                 TransformerWrapper(include=['domain_att', 'URL_Length',
                                             'URL_Depth'],
                                    transformer=SimpleImputer())),
                ('categorical_imputer',
                 TransformerWrapper(include=[],
                                    transformer=SimpleImputer(strategy='most_frequent'))),
                ('transformation',
                 TransformerWrapper(transformer=PowerTransformer(standardize=False))),
                ('normalize', TransformerWrapper(transformer=StandardScaler())),
                ('clean_column_names',
                 TransformerWrapper(transformer=CleanColumnNames())),
                ('trained_model', LGBMClassifier(n_jobs=-1, random_state=321))]), probability_threshold=None, encoded_labels=False, raw_score=False, round=4, verbose=True, ml_usecase=None, preprocess=True, encode_labels=<function _SupervisedExperiment.predict_model.<locals>.encode_labels at 0x000001E20FA474C0>)
2026-09-23 09:44:44,021:INFO:Checking exceptions
2026-09-23 09:44:44,021:INFO:Preloading libraries
2026-09-23 09:44:44,022:INFO:Set up data.
2026-09-23 09:44:44,026:INFO:Set up index.
2026-09-23 09:44:50,019:WARNING:C:\Users\Shashank\AppData\Local\Programs\Python\Python311\Lib\site-packages\sklearn\base.py:376: InconsistentVersionWarning: Trying to unpickle estimator PCA from version 1.2.2 when using version 1.4.2. This might lead to breaking code or invalid results. Use at your own risk. For more info please refer to:
https://scikit-learn.org/stable/model_persistence.html#security-maintainability-limitations
  warnings.warn(

2026-09-23 09:44:50,032:INFO:Initializing predict_model()
2026-09-23 09:44:50,033:INFO:predict_model(self=<pycaret.classification.oop.ClassificationExperiment object at 0x000001E20F9EC950>, estimator=Pipeline(memory=FastMemory(location=/tmp/joblib),
         steps=[('numerical_imputer',
                 TransformerWrapper(include=['domain_att', 'URL_Length',
                                             'URL_Depth'],
                                    transformer=SimpleImputer())),
                ('categorical_imputer',
                 TransformerWrapper(include=[],
                                    transformer=SimpleImputer(strategy='most_frequent'))),
                ('transformation',
                 TransformerWrapper(transformer=PowerTransformer(standardize=False))),
                ('normalize', TransformerWrapper(transformer=StandardScaler())),
                ('clean_column_names',
                 TransformerWrapper(transformer=CleanColumnNames())),
                ('trained_model', LGBMClassifier(n_jobs=-1, random_state=321))]), probability_threshold=None, encoded_labels=False, raw_score=False, round=4, verbose=True, ml_usecase=None, preprocess=True, encode_labels=<function _SupervisedExperiment.predict_model.<locals>.encode_labels at 0x000001E20FA46660>)
2026-09-23 09:44:50,033:INFO:Checking exceptions
2026-09-23 09:44:50,033:INFO:Preloading libraries
2026-09-23 09:44:50,033:INFO:Set up data.
2026-09-23 09:44:50,038:INFO:Set up index.
2026-09-23 09:44:54,510:WARNING:C:\Users\Shashank\AppData\Local\Programs\Python\Python311\Lib\site-packages\sklearn\base.py:376: InconsistentVersionWarning: Trying to unpickle estimator PCA from version 1.2.2 when using version 1.4.2. This might lead to breaking code or invalid results. Use at your own risk. For more info please refer to:
https://scikit-learn.org/stable/model_persistence.html#security-maintainability-limitations
  warnings.warn(

2026-09-23 09:44:54,521:INFO:Initializing predict_model()
2026-09-23 09:44:54,521:INFO:predict_model(self=<pycaret.classification.oop.ClassificationExperiment object at 0x000001E20FA3FD90>, estimator=Pipeline(memory=FastMemory(location=/tmp/joblib),
         steps=[('numerical_imputer',
                 TransformerWrapper(include=['domain_att', 'URL_Length',
                                             'URL_Depth'],
                                    transformer=SimpleImputer())),
                ('categorical_imputer',
                 TransformerWrapper(include=[],
                                    transformer=SimpleImputer(strategy='most_frequent'))),
                ('transformation',
                 TransformerWrapper(transformer=PowerTransformer(standardize=False))),
                ('normalize', TransformerWrapper(transformer=StandardScaler())),
                ('clean_column_names',
                 TransformerWrapper(transformer=CleanColumnNames())),
                ('trained_model', LGBMClassifier(n_jobs=-1, random_state=321))]), probability_threshold=None, encoded_labels=False, raw_score=False, round=4, verbose=True, ml_usecase=None, preprocess=True, encode_labels=<function _SupervisedExperiment.predict_model.<locals>.encode_labels at 0x000001E20FA47420>)
2026-09-23 09:44:54,521:INFO:Checking exceptions
2026-09-23 09:44:54,521:INFO:Preloading libraries
2026-09-23 09:44:54,521:INFO:Set up data.
2026-09-23 09:44:54,525:INFO:Set up index.
2026-09-23 09:45:07,481:WARNING:C:\Users\Shashank\AppData\Local\Programs\Python\Python311\Lib\site-packages\sklearn\base.py:376: InconsistentVersionWarning: Trying to unpickle estimator PCA from version 1.2.2 when using version 1.4.2. This might lead to breaking code or invalid results. Use at your own risk. For more info please refer to:
https://scikit-learn.org/stable/model_persistence.html#security-maintainability-limitations
  warnings.warn(

2026-09-23 09:45:07,492:INFO:Initializing predict_model()
2026-09-23 09:45:07,493:INFO:predict_model(self=<pycaret.classification.oop.ClassificationExperiment object at 0x000001E20FA48A50>, estimator=Pipeline(memory=FastMemory(location=/tmp/joblib),
         steps=[('numerical_imputer',
                 TransformerWrapper(include=['domain_att', 'URL_Length',
                                             'URL_Depth'],
                                    transformer=SimpleImputer())),
                ('categorical_imputer',
                 TransformerWrapper(include=[],
                                    transformer=SimpleImputer(strategy='most_frequent'))),
                ('transformation',
                 TransformerWrapper(transformer=PowerTransformer(standardize=False))),
                ('normalize', TransformerWrapper(transformer=StandardScaler())),
                ('clean_column_names',
                 TransformerWrapper(transformer=CleanColumnNames())),
                ('trained_model', LGBMClassifier(n_jobs=-1, random_state=321))]), probability_threshold=None, encoded_labels=False, raw_score=False, round=4, verbose=True, ml_usecase=None, preprocess=True, encode_labels=<function _SupervisedExperiment.predict_model.<locals>.encode_labels at 0x000001E272DD7060>)
2026-09-23 09:45:07,493:INFO:Checking exceptions
2026-09-23 09:45:07,493:INFO:Preloading libraries
2026-09-23 09:45:07,493:INFO:Set up data.
2026-09-23 09:45:07,496:INFO:Set up index.
2026-09-23 09:45:24,334:WARNING:C:\Users\Shashank\AppData\Local\Programs\Python\Python311\Lib\site-packages\sklearn\base.py:376: InconsistentVersionWarning: Trying to unpickle estimator PCA from version 1.2.2 when using version 1.4.2. This might lead to breaking code or invalid results. Use at your own risk. For more info please refer to:
https://scikit-learn.org/stable/model_persistence.html#security-maintainability-limitations
  warnings.warn(

2026-09-23 09:45:24,344:INFO:Initializing predict_model()
2026-09-23 09:45:24,344:INFO:predict_model(self=<pycaret.classification.oop.ClassificationExperiment object at 0x000001E20FA69A10>, estimator=Pipeline(memory=FastMemory(location=/tmp/joblib),
         steps=[('numerical_imputer',
                 TransformerWrapper(include=['domain_att', 'URL_Length',
                                             'URL_Depth'],
                                    transformer=SimpleImputer())),
                ('categorical_imputer',
                 TransformerWrapper(include=[],
                                    transformer=SimpleImputer(strategy='most_frequent'))),
                ('transformation',
                 TransformerWrapper(transformer=PowerTransformer(standardize=False))),
                ('normalize', TransformerWrapper(transformer=StandardScaler())),
                ('clean_column_names',
                 TransformerWrapper(transformer=CleanColumnNames())),
                ('trained_model', LGBMClassifier(n_jobs=-1, random_state=321))]), probability_threshold=None, encoded_labels=False, raw_score=False, round=4, verbose=True, ml_usecase=None, preprocess=True, encode_labels=<function _SupervisedExperiment.predict_model.<locals>.encode_labels at 0x000001E20CB9F240>)
2026-09-23 09:45:24,344:INFO:Checking exceptions
2026-09-23 09:45:24,344:INFO:Preloading libraries
2026-09-23 09:45:24,344:INFO:Set up data.
2026-09-23 09:45:24,348:INFO:Set up index.
2026-09-23 09:45:53,090:WARNING:C:\Users\Shashank\AppData\Local\Programs\Python\Python311\Lib\site-packages\sklearn\base.py:376: InconsistentVersionWarning: Trying to unpickle estimator PCA from version 1.2.2 when using version 1.4.2. This might lead to breaking code or invalid results. Use at your own risk. For more info please refer to:
https://scikit-learn.org/stable/model_persistence.html#security-maintainability-limitations
  warnings.warn(

2026-09-23 09:45:53,103:INFO:Initializing predict_model()
2026-09-23 09:45:53,103:INFO:predict_model(self=<pycaret.classification.oop.ClassificationExperiment object at 0x000001E20FA14190>, estimator=Pipeline(memory=FastMemory(location=/tmp/joblib),
         steps=[('numerical_imputer',
                 TransformerWrapper(include=['domain_att', 'URL_Length',
                                             'URL_Depth'],
                                    transformer=SimpleImputer())),
                ('categorical_imputer',
                 TransformerWrapper(include=[],
                                    transformer=SimpleImputer(strategy='most_frequent'))),
                ('transformation',
                 TransformerWrapper(transformer=PowerTransformer(standardize=False))),
                ('normalize', TransformerWrapper(transformer=StandardScaler())),
                ('clean_column_names',
                 TransformerWrapper(transformer=CleanColumnNames())),
                ('trained_model', LGBMClassifier(n_jobs=-1, random_state=321))]), probability_threshold=None, encoded_labels=False, raw_score=False, round=4, verbose=True, ml_usecase=None, preprocess=True, encode_labels=<function _SupervisedExperiment.predict_model.<locals>.encode_labels at 0x000001E20FA459E0>)
2026-09-23 09:45:53,103:INFO:Checking exceptions
2026-09-23 09:45:53,103:INFO:Preloading libraries
2026-09-23 09:45:53,103:INFO:Set up data.
2026-09-23 09:45:53,107:INFO:Set up index.
2026-09-23 09:46:18,401:WARNING:C:\Users\Shashank\AppData\Local\Programs\Python\Python311\Lib\site-packages\sklearn\base.py:376: InconsistentVersionWarning: Trying to unpickle estimator PCA from version 1.2.2 when using version 1.4.2. This might lead to breaking code or invalid results. Use at your own risk. For more info please refer to:
https://scikit-learn.org/stable/model_persistence.html#security-maintainability-limitations
  warnings.warn(

2026-09-23 09:46:18,414:INFO:Initializing predict_model()
2026-09-23 09:46:18,414:INFO:predict_model(self=<pycaret.classification.oop.ClassificationExperiment object at 0x000001E20FA6B0D0>, estimator=Pipeline(memory=FastMemory(location=/tmp/joblib),
         steps=[('numerical_imputer',
                 TransformerWrapper(include=['domain_att', 'URL_Length',
                                             'URL_Depth'],
                                    transformer=SimpleImputer())),
                ('categorical_imputer',
                 TransformerWrapper(include=[],
                                    transformer=SimpleImputer(strategy='most_frequent'))),
                ('transformation',
                 TransformerWrapper(transformer=PowerTransformer(standardize=False))),
                ('normalize', TransformerWrapper(transformer=StandardScaler())),
                ('clean_column_names',
                 TransformerWrapper(transformer=CleanColumnNames())),
                ('trained_model', LGBMClassifier(n_jobs=-1, random_state=321))]), probability_threshold=None, encoded_labels=False, raw_score=False, round=4, verbose=True, ml_usecase=None, preprocess=True, encode_labels=<function _SupervisedExperiment.predict_model.<locals>.encode_labels at 0x000001E20FA45080>)
2026-09-23 09:46:18,414:INFO:Checking exceptions
2026-09-23 09:46:18,414:INFO:Preloading libraries
2026-09-23 09:46:18,414:INFO:Set up data.
2026-09-23 09:46:18,417:INFO:Set up index.
2026-09-23 10:13:06,187:WARNING:C:\Users\Shashank\AppData\Local\Programs\Python\Python311\Lib\site-packages\sklearn\base.py:376: InconsistentVersionWarning: Trying to unpickle estimator PCA from version 1.2.2 when using version 1.4.2. This might lead to breaking code or invalid results. Use at your own risk. For more info please refer to:
https://scikit-learn.org/stable/model_persistence.html#security-maintainability-limitations
  warnings.warn(

2026-09-23 10:13:06,253:INFO:Initializing predict_model()
2026-09-23 10:13:06,253:INFO:predict_model(self=<pycaret.classification.oop.ClassificationExperiment object at 0x000001E20FA4BD50>, estimator=Pipeline(memory=FastMemory(location=/tmp/joblib),
         steps=[('numerical_imputer',
                 TransformerWrapper(include=['domain_att', 'URL_Length',
                                             'URL_Depth'],
                                    transformer=SimpleImputer())),
                ('categorical_imputer',
                 TransformerWrapper(include=[],
                                    transformer=SimpleImputer(strategy='most_frequent'))),
                ('transformation',
                 TransformerWrapper(transformer=PowerTransformer(standardize=False))),
                ('normalize', TransformerWrapper(transformer=StandardScaler())),
                ('clean_column_names',
                 TransformerWrapper(transformer=CleanColumnNames())),
                ('trained_model', LGBMClassifier(n_jobs=-1, random_state=321))]), probability_threshold=None, encoded_labels=False, raw_score=False, round=4, verbose=True, ml_usecase=None, preprocess=True, encode_labels=<function _SupervisedExperiment.predict_model.<locals>.encode_labels at 0x000001E20FA47F60>)
2026-09-23 10:13:06,253:INFO:Checking exceptions
2026-09-23 10:13:06,253:INFO:Preloading libraries
2026-09-23 10:13:06,255:INFO:Set up data.
2026-09-23 10:13:06,269:INFO:Set up index.
2026-09-23 10:13:07,880:WARNING:C:\Users\Shashank\AppData\Local\Programs\Python\Python311\Lib\site-packages\sklearn\base.py:376: InconsistentVersionWarning: Trying to unpickle estimator PCA from version 1.2.2 when using version 1.4.2. This might lead to breaking code or invalid results. Use at your own risk. For more info please refer to:
https://scikit-learn.org/stable/model_persistence.html#security-maintainability-limitations
  warnings.warn(

2026-09-23 10:13:07,890:INFO:Initializing predict_model()
2026-09-23 10:13:07,890:INFO:predict_model(self=<pycaret.classification.oop.ClassificationExperiment object at 0x000001E20FA88490>, estimator=Pipeline(memory=FastMemory(location=/tmp/joblib),
         steps=[('numerical_imputer',
                 TransformerWrapper(include=['domain_att', 'URL_Length',
                                             'URL_Depth'],
                                    transformer=SimpleImputer())),
                ('categorical_imputer',
                 TransformerWrapper(include=[],
                                    transformer=SimpleImputer(strategy='most_frequent'))),
                ('transformation',
                 TransformerWrapper(transformer=PowerTransformer(standardize=False))),
                ('normalize', TransformerWrapper(transformer=StandardScaler())),
                ('clean_column_names',
                 TransformerWrapper(transformer=CleanColumnNames())),
                ('trained_model', LGBMClassifier(n_jobs=-1, random_state=321))]), probability_threshold=None, encoded_labels=False, raw_score=False, round=4, verbose=True, ml_usecase=None, preprocess=True, encode_labels=<function _SupervisedExperiment.predict_model.<locals>.encode_labels at 0x000001E20FA468E0>)
2026-09-23 10:13:07,890:INFO:Checking exceptions
2026-09-23 10:13:07,890:INFO:Preloading libraries
2026-09-23 10:13:07,890:INFO:Set up data.
2026-09-23 10:13:07,896:INFO:Set up index.
2026-09-23 10:13:08,040:WARNING:C:\Users\Shashank\AppData\Local\Programs\Python\Python311\Lib\site-packages\sklearn\base.py:376: InconsistentVersionWarning: Trying to unpickle estimator PCA from version 1.2.2 when using version 1.4.2. This might lead to breaking code or invalid results. Use at your own risk. For more info please refer to:
https://scikit-learn.org/stable/model_persistence.html#security-maintainability-limitations
  warnings.warn(

2026-09-23 10:13:08,054:INFO:Initializing predict_model()
2026-09-23 10:13:08,054:INFO:predict_model(self=<pycaret.classification.oop.ClassificationExperiment object at 0x000001E20FA48A90>, estimator=Pipeline(memory=FastMemory(location=/tmp/joblib),
         steps=[('numerical_imputer',
                 TransformerWrapper(include=['domain_att', 'URL_Length',
                                             'URL_Depth'],
                                    transformer=SimpleImputer())),
                ('categorical_imputer',
                 TransformerWrapper(include=[],
                                    transformer=SimpleImputer(strategy='most_frequent'))),
                ('transformation',
                 TransformerWrapper(transformer=PowerTransformer(standardize=False))),
                ('normalize', TransformerWrapper(transformer=StandardScaler())),
                ('clean_column_names',
                 TransformerWrapper(transformer=CleanColumnNames())),
                ('trained_model', LGBMClassifier(n_jobs=-1, random_state=321))]), probability_threshold=None, encoded_labels=False, raw_score=False, round=4, verbose=True, ml_usecase=None, preprocess=True, encode_labels=<function _SupervisedExperiment.predict_model.<locals>.encode_labels at 0x000001E20CB9F1A0>)
2026-09-23 10:13:08,054:INFO:Checking exceptions
2026-09-23 10:13:08,054:INFO:Preloading libraries
2026-09-23 10:13:08,055:INFO:Set up data.
2026-09-23 10:13:08,061:INFO:Set up index.
2026-09-23 10:13:16,468:WARNING:C:\Users\Shashank\AppData\Local\Programs\Python\Python311\Lib\site-packages\sklearn\base.py:376: InconsistentVersionWarning: Trying to unpickle estimator PCA from version 1.2.2 when using version 1.4.2. This might lead to breaking code or invalid results. Use at your own risk. For more info please refer to:
https://scikit-learn.org/stable/model_persistence.html#security-maintainability-limitations
  warnings.warn(

2026-09-23 10:13:16,480:INFO:Initializing predict_model()
2026-09-23 10:13:16,480:INFO:predict_model(self=<pycaret.classification.oop.ClassificationExperiment object at 0x000001E20FA4AED0>, estimator=Pipeline(memory=FastMemory(location=/tmp/joblib),
         steps=[('numerical_imputer',
                 TransformerWrapper(include=['domain_att', 'URL_Length',
                                             'URL_Depth'],
                                    transformer=SimpleImputer())),
                ('categorical_imputer',
                 TransformerWrapper(include=[],
                                    transformer=SimpleImputer(strategy='most_frequent'))),
                ('transformation',
                 TransformerWrapper(transformer=PowerTransformer(standardize=False))),
                ('normalize', TransformerWrapper(transformer=StandardScaler())),
                ('clean_column_names',
                 TransformerWrapper(transformer=CleanColumnNames())),
                ('trained_model', LGBMClassifier(n_jobs=-1, random_state=321))]), probability_threshold=None, encoded_labels=False, raw_score=False, round=4, verbose=True, ml_usecase=None, preprocess=True, encode_labels=<function _SupervisedExperiment.predict_model.<locals>.encode_labels at 0x000001E20FA44EA0>)
2026-09-23 10:13:16,480:INFO:Checking exceptions
2026-09-23 10:13:16,480:INFO:Preloading libraries
2026-09-23 10:13:16,480:INFO:Set up data.
2026-09-23 10:13:16,483:INFO:Set up index.
2026-09-23 10:13:25,167:WARNING:C:\Users\Shashank\AppData\Local\Programs\Python\Python311\Lib\site-packages\sklearn\base.py:376: InconsistentVersionWarning: Trying to unpickle estimator PCA from version 1.2.2 when using version 1.4.2. This might lead to breaking code or invalid results. Use at your own risk. For more info please refer to:
https://scikit-learn.org/stable/model_persistence.html#security-maintainability-limitations
  warnings.warn(

2026-09-23 10:13:25,179:INFO:Initializing predict_model()
2026-09-23 10:13:25,179:INFO:predict_model(self=<pycaret.classification.oop.ClassificationExperiment object at 0x000001E20FA8B950>, estimator=Pipeline(memory=FastMemory(location=/tmp/joblib),
         steps=[('numerical_imputer',
                 TransformerWrapper(include=['domain_att', 'URL_Length',
                                             'URL_Depth'],
                                    transformer=SimpleImputer())),
                ('categorical_imputer',
                 TransformerWrapper(include=[],
                                    transformer=SimpleImputer(strategy='most_frequent'))),
                ('transformation',
                 TransformerWrapper(transformer=PowerTransformer(standardize=False))),
                ('normalize', TransformerWrapper(transformer=StandardScaler())),
                ('clean_column_names',
                 TransformerWrapper(transformer=CleanColumnNames())),
                ('trained_model', LGBMClassifier(n_jobs=-1, random_state=321))]), probability_threshold=None, encoded_labels=False, raw_score=False, round=4, verbose=True, ml_usecase=None, preprocess=True, encode_labels=<function _SupervisedExperiment.predict_model.<locals>.encode_labels at 0x000001E20FA46200>)
2026-09-23 10:13:25,180:INFO:Checking exceptions
2026-09-23 10:13:25,180:INFO:Preloading libraries
2026-09-23 10:13:25,181:INFO:Set up data.
2026-09-23 10:13:25,184:INFO:Set up index.
2026-09-23 10:13:29,625:WARNING:C:\Users\Shashank\AppData\Local\Programs\Python\Python311\Lib\site-packages\sklearn\base.py:376: InconsistentVersionWarning: Trying to unpickle estimator PCA from version 1.2.2 when using version 1.4.2. This might lead to breaking code or invalid results. Use at your own risk. For more info please refer to:
https://scikit-learn.org/stable/model_persistence.html#security-maintainability-limitations
  warnings.warn(

2026-09-23 10:13:29,639:INFO:Initializing predict_model()
2026-09-23 10:13:29,639:INFO:predict_model(self=<pycaret.classification.oop.ClassificationExperiment object at 0x000001E20FA6C3D0>, estimator=Pipeline(memory=FastMemory(location=/tmp/joblib),
         steps=[('numerical_imputer',
                 TransformerWrapper(include=['domain_att', 'URL_Length',
                                             'URL_Depth'],
                                    transformer=SimpleImputer())),
                ('categorical_imputer',
                 TransformerWrapper(include=[],
                                    transformer=SimpleImputer(strategy='most_frequent'))),
                ('transformation',
                 TransformerWrapper(transformer=PowerTransformer(standardize=False))),
                ('normalize', TransformerWrapper(transformer=StandardScaler())),
                ('clean_column_names',
                 TransformerWrapper(transformer=CleanColumnNames())),
                ('trained_model', LGBMClassifier(n_jobs=-1, random_state=321))]), probability_threshold=None, encoded_labels=False, raw_score=False, round=4, verbose=True, ml_usecase=None, preprocess=True, encode_labels=<function _SupervisedExperiment.predict_model.<locals>.encode_labels at 0x000001E20FA459E0>)
2026-09-23 10:13:29,639:INFO:Checking exceptions
2026-09-23 10:13:29,639:INFO:Preloading libraries
2026-09-23 10:13:29,639:INFO:Set up data.
2026-09-23 10:13:29,642:INFO:Set up index.
2026-09-23 10:23:05,295:WARNING:C:\Users\Shashank\AppData\Local\Programs\Python\Python311\Lib\site-packages\sklearn\base.py:376: InconsistentVersionWarning: Trying to unpickle estimator PCA from version 1.2.2 when using version 1.4.2. This might lead to breaking code or invalid results. Use at your own risk. For more info please refer to:
https://scikit-learn.org/stable/model_persistence.html#security-maintainability-limitations
  warnings.warn(

2026-09-23 10:23:05,307:WARNING:C:\Users\Shashank\AppData\Local\Programs\Python\Python311\Lib\site-packages\sklearn\base.py:376: InconsistentVersionWarning: Trying to unpickle estimator PCA from version 1.2.2 when using version 1.4.2. This might lead to breaking code or invalid results. Use at your own risk. For more info please refer to:
https://scikit-learn.org/stable/model_persistence.html#security-maintainability-limitations
  warnings.warn(

2026-09-23 10:23:05,311:INFO:Initializing predict_model()
2026-09-23 10:23:05,322:INFO:predict_model(self=<pycaret.classification.oop.ClassificationExperiment object at 0x000001E20FA8BA50>, estimator=Pipeline(memory=FastMemory(location=/tmp/joblib),
         steps=[('numerical_imputer',
                 TransformerWrapper(include=['domain_att', 'URL_Length',
                                             'URL_Depth'],
                                    transformer=SimpleImputer())),
                ('categorical_imputer',
                 TransformerWrapper(include=[],
                                    transformer=SimpleImputer(strategy='most_frequent'))),
                ('transformation',
                 TransformerWrapper(transformer=PowerTransformer(standardize=False))),
                ('normalize', TransformerWrapper(transformer=StandardScaler())),
                ('clean_column_names',
                 TransformerWrapper(transformer=CleanColumnNames())),
                ('trained_model', LGBMClassifier(n_jobs=-1, random_state=321))]), probability_threshold=None, encoded_labels=False, raw_score=False, round=4, verbose=True, ml_usecase=None, preprocess=True, encode_labels=<function _SupervisedExperiment.predict_model.<locals>.encode_labels at 0x000001E20FA47420>)
2026-09-23 10:23:05,322:INFO:Checking exceptions
2026-09-23 10:23:05,327:INFO:Preloading libraries
2026-09-23 10:23:05,327:INFO:Initializing predict_model()
2026-09-23 10:23:05,328:INFO:Set up data.
2026-09-23 10:23:05,328:INFO:predict_model(self=<pycaret.classification.oop.ClassificationExperiment object at 0x000001E20FA67710>, estimator=Pipeline(memory=FastMemory(location=/tmp/joblib),
         steps=[('numerical_imputer',
                 TransformerWrapper(include=['domain_att', 'URL_Length',
                                             'URL_Depth'],
                                    transformer=SimpleImputer())),
                ('categorical_imputer',
                 TransformerWrapper(include=[],
                                    transformer=SimpleImputer(strategy='most_frequent'))),
                ('transformation',
                 TransformerWrapper(transformer=PowerTransformer(standardize=False))),
                ('normalize', TransformerWrapper(transformer=StandardScaler())),
                ('clean_column_names',
                 TransformerWrapper(transformer=CleanColumnNames())),
                ('trained_model', LGBMClassifier(n_jobs=-1, random_state=321))]), probability_threshold=None, encoded_labels=False, raw_score=False, round=4, verbose=True, ml_usecase=None, preprocess=True, encode_labels=<function _SupervisedExperiment.predict_model.<locals>.encode_labels at 0x000001E20FA45A80>)
2026-09-23 10:23:05,333:INFO:Set up index.
2026-09-23 10:23:05,333:INFO:Checking exceptions
2026-09-23 10:23:05,339:INFO:Preloading libraries
2026-09-23 10:23:05,347:INFO:Set up data.
2026-09-23 10:23:05,358:INFO:Set up index.
